;static__Diagnose_B;static__Diagnose_C;static__Diagnose_D;static__Diagnose_E;static__Diagnose_G;static__Diagnose_H;static__Diagnose_K;static__Diagnose_N;static__Diagnose_Q;static__Diagnose_R;static__Diagnose_S;static__Diagnose_other;static__DiagnosticArtAstrup_False;static__DiagnosticArtAstrup_True;static__DiagnosticArtAstrup_other;static__DiagnosticBlood_False;static__DiagnosticBlood_True;static__DiagnosticBlood_other;static__DiagnosticECG_False;static__DiagnosticECG_True;static__DiagnosticECG_other;static__DiagnosticIC_False;static__DiagnosticIC_True;static__DiagnosticIC_other;static__DiagnosticLacticAcid_False;static__DiagnosticLacticAcid_True;static__DiagnosticLacticAcid_other;static__DiagnosticLiquor_False;static__DiagnosticLiquor_other;static__DiagnosticOther_False;static__DiagnosticOther_other;static__DiagnosticSputum_False;static__DiagnosticSputum_True;static__DiagnosticSputum_other;static__DiagnosticUrinaryCulture_False;static__DiagnosticUrinaryCulture_True;static__DiagnosticUrinaryCulture_other;static__DiagnosticUrinarySediment_False;static__DiagnosticUrinarySediment_True;static__DiagnosticUrinarySediment_other;static__DiagnosticXthorax_False;static__DiagnosticXthorax_True;static__DiagnosticXthorax_other;static__DisfuncOrg_False;static__DisfuncOrg_True;static__DisfuncOrg_other;static__Hypotensie_False;static__Hypotensie_True;static__Hypotensie_other;static__Hypoxie_False;static__Hypoxie_True;static__Hypoxie_other;static__InfectionSuspected_False;static__InfectionSuspected_True;static__InfectionSuspected_other;static__Infusion_False;static__Infusion_True;static__Infusion_other;static__Oligurie_False;static__Oligurie_True;static__Oligurie_other;static__SIRSCritHeartRate_False;static__SIRSCritHeartRate_True;static__SIRSCritHeartRate_other;static__SIRSCritLeucos_False;static__SIRSCritLeucos_True;static__SIRSCritLeucos_other;static__SIRSCritTachypnea_False;static__SIRSCritTachypnea_True;static__SIRSCritTachypnea_other;static__SIRSCritTemperature_False;static__SIRSCritTemperature_True;static__SIRSCritTemperature_other;static__SIRSCriteria2OrMore_False;static__SIRSCriteria2OrMore_True;static__SIRSCriteria2OrMore_other;agg__concept:name_Admission IC;agg__concept:name_Admission NC;agg__concept:name_CRP;agg__concept:name_ER Registration;agg__concept:name_ER Sepsis Triage;agg__concept:name_ER Triage;agg__concept:name_IV Antibiotics;agg__concept:name_IV Liquid;agg__concept:name_LacticAcid;agg__concept:name_Leucocytes;agg__concept:name_Release A;agg__concept:name_Release B;agg__concept:name_Release C;agg__concept:name_Release D;agg__org:group_A;agg__org:group_B;agg__org:group_C;agg__org:group_D;agg__org:group_E;agg__org:group_F;agg__org:group_G;agg__org:group_H;agg__org:group_I;agg__org:group_J;agg__org:group_K;agg__org:group_L;agg__org:group_M;agg__org:group_N;agg__org:group_O;agg__org:group_P;agg__org:group_Q;agg__org:group_R;agg__org:group_S;agg__org:group_T;agg__org:group_U;agg__org:group_V;agg__org:group_W;agg__org:group_other;encoded_label
static__Diagnose_B;1.0;-0.159;-0.062;-0.097;-0.092;-0.083;-0.053;-0.041;-0.048;-0.053;-0.036;-0.268;-0.117;0.14;-0.034;-0.059;0.071;-0.034;-0.119;0.125;-0.034;-0.094;0.098;-0.034;-0.089;0.097;-0.034;0.041;-0.041;0.026;-0.026;-0.016;0.079;-0.034;0.054;-0.038;-0.034;0.033;-0.016;-0.034;-0.118;0.123;-0.034;0.036;-0.015;-0.034;0.024;-0.0;-0.034;0.011;0.037;-0.034;-0.091;0.095;-0.034;-0.066;0.077;-0.034;0.046;-0.029;-0.034;-0.085;0.094;-0.034;0.006;0.026;-0.034;-0.073;0.087;-0.034;-0.033;0.049;-0.034;-0.087;0.092;-0.034;0.014;0.002;-0.005;0.015;0.0;0.009;0.031;0.043;0.017;-0.024;0.001;0.003;-0.014;-0.012;0.006;-0.008;0.009;-0.059;-0.003;0.214;0.026;-0.037;-0.052;-0.035;0.01;0.05;0.019;-0.046;-0.084;0.024;0.025;-0.044;-0.01;-0.046;-0.033;0.004;0.007;-0.01;-0.019
static__Diagnose_C;-0.159;1.0;-0.086;-0.136;-0.129;-0.116;-0.074;-0.058;-0.067;-0.074;-0.051;-0.375;0.014;0.027;-0.079;-0.053;0.094;-0.079;-0.078;0.115;-0.079;-0.069;0.108;-0.079;-0.09;0.125;-0.079;0.078;-0.078;0.057;-0.057;0.077;-0.017;-0.079;-0.094;0.132;-0.079;-0.077;0.114;-0.079;-0.057;0.096;-0.079;0.024;0.041;-0.079;0.035;0.027;-0.079;0.04;0.059;-0.079;-0.085;0.121;-0.079;-0.088;0.123;-0.079;0.038;0.044;-0.079;-0.059;0.098;-0.079;0.038;0.029;-0.079;0.042;-0.001;-0.079;-0.085;0.121;-0.079;-0.081;0.117;-0.079;-0.091;0.029;-0.034;0.028;0.008;-0.006;0.029;0.022;-0.024;-0.037;0.005;0.012;-0.003;-0.005;0.061;-0.037;-0.006;-0.051;0.007;-0.137;0.03;-0.024;0.029;-0.039;0.053;-0.078;0.023;0.042;0.189;-0.052;-0.002;0.012;-0.012;-0.048;-0.004;-0.009;-0.063;0.011;-0.027
static__Diagnose_D;-0.062;-0.086;1.0;-0.052;-0.05;-0.045;-0.029;-0.022;-0.026;-0.029;-0.02;-0.145;0.108;-0.089;-0.046;0.012;0.02;-0.046;0.021;0.008;-0.046;-0.005;0.035;-0.046;-0.004;0.031;-0.046;0.049;-0.049;0.048;-0.048;0.021;0.032;-0.046;0.078;-0.055;-0.046;0.08;-0.057;-0.046;0.002;0.026;-0.046;0.072;-0.052;-0.046;0.072;-0.051;-0.046;0.054;-0.026;-0.046;0.029;0.008;-0.046;-0.02;0.046;-0.046;0.058;-0.033;-0.046;-0.035;0.058;-0.046;0.066;-0.044;-0.046;-0.036;0.057;-0.046;0.08;-0.043;-0.046;-0.027;0.053;-0.046;-0.048;0.047;0.032;0.014;0.009;0.013;0.011;0.017;-0.01;0.048;-0.012;0.013;-0.007;-0.007;0.031;0.032;0.013;-0.032;-0.01;0.244;-0.016;-0.027;-0.018;-0.019;-0.018;-0.035;-0.036;0.014;-0.027;-0.026;-0.034;-0.004;-0.0;0.013;-0.018;-0.019;-0.039;0.102;-0.01
static__Diagnose_E;-0.097;-0.136;-0.052;1.0;-0.078;-0.071;-0.045;-0.035;-0.041;-0.045;-0.031;-0.228;0.001;0.026;-0.053;-0.088;0.108;-0.053;-0.03;0.057;-0.053;-0.091;0.108;-0.053;-0.073;0.095;-0.053;0.058;-0.058;0.057;-0.057;0.018;0.048;-0.053;0.029;-0.003;-0.053;0.006;0.02;-0.053;-0.062;0.085;-0.053;0.089;-0.067;-0.053;0.073;-0.046;-0.053;0.068;-0.041;-0.053;-0.089;0.106;-0.053;-0.058;0.082;-0.053;0.076;-0.053;-0.053;-0.035;0.062;-0.053;0.039;0.001;-0.053;-0.042;0.067;-0.053;-0.047;0.072;-0.053;-0.086;0.104;-0.053;-0.067;0.012;-0.034;0.014;-0.019;-0.006;0.01;0.012;-0.025;-0.052;0.013;-0.002;-0.012;0.008;0.0;-0.043;-0.006;-0.051;0.011;-0.044;0.063;-0.042;0.016;-0.03;-0.029;0.008;0.035;0.008;0.073;-0.064;-0.014;-0.017;-0.037;-0.04;0.048;0.041;-0.025;-0.008;-0.016
static__Diagnose_G;-0.092;-0.129;-0.05;-0.078;1.0;-0.067;-0.043;-0.033;-0.039;-0.043;-0.029;-0.216;-0.052;0.014;0.077;-0.003;-0.046;0.077;0.008;-0.051;0.077;0.017;-0.065;0.077;0.001;-0.048;0.077;-0.067;0.067;-0.069;0.069;-0.04;-0.045;0.077;-0.016;-0.021;0.077;-0.024;-0.014;0.077;0.037;-0.077;0.077;-0.232;0.232;0.077;-0.239;0.242;0.077;-0.069;0.002;0.077;-0.004;-0.049;0.077;-0.019;-0.032;0.077;-0.198;0.22;0.077;-0.007;-0.04;0.077;-0.097;0.055;0.077;-0.047;0.007;0.077;-0.027;-0.023;0.077;0.001;-0.053;0.077;0.46;-0.158;0.054;-0.02;0.023;0.022;0.033;0.058;0.286;0.058;-0.042;0.0;-0.011;-0.0;0.03;0.124;0.022;-0.048;-0.042;-0.078;-0.086;-0.038;-0.036;0.132;0.021;0.022;-0.047;-0.033;-0.032;0.295;-0.034;-0.039;-0.014;-0.038;-0.027;-0.028;0.291;-0.008;-0.015
static__Diagnose_H;-0.083;-0.116;-0.045;-0.071;-0.067;1.0;-0.039;-0.03;-0.035;-0.039;-0.027;-0.196;-0.153;0.184;-0.045;0.007;0.023;-0.045;-0.069;0.087;-0.045;-0.01;0.038;-0.045;-0.019;0.044;-0.045;0.049;-0.049;0.048;-0.048;-0.019;0.099;-0.045;0.115;-0.093;-0.045;0.064;-0.041;-0.045;-0.061;0.08;-0.045;0.045;-0.018;-0.045;0.044;-0.016;-0.045;0.057;-0.035;-0.045;-0.022;0.048;-0.045;0.014;0.016;-0.045;0.064;-0.045;-0.045;-0.031;0.054;-0.045;0.035;-0.002;-0.045;-0.07;0.089;-0.045;0.061;-0.026;-0.045;-0.039;0.061;-0.045;0.009;-0.036;-0.044;0.014;-0.011;-0.007;0.003;-0.023;-0.012;-0.057;0.018;-0.003;-0.01;0.001;-0.02;-0.047;-0.007;-0.043;0.015;0.1;-0.021;-0.036;-0.034;-0.025;0.021;0.02;0.031;-0.019;-0.052;0.014;-0.032;0.001;-0.032;-0.034;-0.016;-0.025;0.006;-0.007;-0.014
static__Diagnose_K;-0.053;-0.074;-0.029;-0.045;-0.043;-0.039;1.0;-0.019;-0.022;-0.025;-0.017;-0.124;0.056;-0.049;-0.018;-0.056;0.058;-0.018;0.019;-0.006;-0.018;-0.05;0.052;-0.018;-0.018;0.026;-0.018;0.021;-0.021;0.02;-0.02;0.03;-0.026;-0.018;-0.068;0.076;-0.018;-0.026;0.034;-0.018;0.023;-0.01;-0.018;0.02;-0.01;-0.018;0.046;-0.044;-0.018;0.027;-0.022;-0.018;-0.048;0.05;-0.018;-0.036;0.041;-0.018;0.0;0.024;-0.018;0.01;0.002;-0.018;0.041;-0.038;-0.018;-0.028;0.036;-0.018;-0.064;0.066;-0.018;-0.047;0.049;-0.018;-0.049;-0.013;-0.037;-0.003;-0.011;-0.017;-0.007;-0.006;-0.035;-0.034;0.02;-0.01;-0.006;-0.006;-0.05;-0.039;-0.017;-0.028;0.014;-0.031;-0.042;-0.023;0.004;-0.016;-0.016;0.086;0.038;-0.022;0.059;-0.035;-0.03;0.039;0.006;-0.022;0.039;-0.016;-0.033;-0.004;-0.009
static__Diagnose_N;-0.041;-0.058;-0.022;-0.035;-0.033;-0.03;-0.019;1.0;-0.017;-0.019;-0.013;-0.097;-0.078;0.046;0.068;-0.018;-0.028;0.068;0.008;-0.046;0.068;-0.011;-0.037;0.068;-0.023;-0.022;0.068;-0.062;0.062;-0.063;0.063;-0.046;-0.02;0.068;-0.016;-0.016;0.068;-0.007;-0.026;0.068;-0.028;-0.015;0.068;-0.02;-0.035;0.068;-0.021;-0.034;0.068;-0.051;-0.017;0.068;-0.009;-0.038;0.068;-0.02;-0.026;0.068;-0.042;-0.022;0.068;-0.024;-0.02;0.068;-0.029;-0.03;0.068;-0.032;-0.003;0.068;0.015;-0.053;0.068;-0.007;-0.041;0.068;-0.039;0.025;0.042;-0.01;0.008;-0.003;0.001;0.009;0.001;0.033;-0.011;0.004;-0.005;-0.004;0.017;0.032;-0.003;0.273;-0.011;-0.039;-0.011;-0.018;0.008;-0.013;-0.012;-0.024;-0.024;0.007;-0.002;-0.027;-0.023;-0.001;-0.016;-0.017;-0.012;0.039;-0.026;-0.003;-0.007
static__Diagnose_Q;-0.048;-0.067;-0.026;-0.041;-0.039;-0.035;-0.022;-0.017;1.0;-0.022;-0.015;-0.112;0.002;-0.03;0.052;0.097;-0.114;0.052;0.063;-0.086;0.052;0.117;-0.129;0.052;0.085;-0.105;0.052;-0.047;0.047;-0.048;0.048;-0.031;-0.023;0.052;0.03;-0.054;0.052;0.041;-0.065;0.052;0.103;-0.121;0.052;-0.005;-0.04;0.052;-0.006;-0.04;0.052;-0.036;-0.02;0.052;0.09;-0.107;0.052;0.126;-0.139;0.052;-0.027;-0.026;0.052;0.077;-0.098;0.052;-0.044;0.007;0.052;0.052;-0.076;0.052;0.075;-0.096;0.052;0.094;-0.11;0.052;-0.045;0.036;0.074;-0.022;0.007;0.008;-0.032;-0.028;-0.04;0.061;-0.024;-0.009;0.072;0.047;-0.009;0.047;0.008;0.403;-0.005;0.004;0.023;-0.021;-0.033;-0.015;-0.014;-0.028;-0.028;-0.019;-0.043;-0.031;-0.027;-0.022;-0.018;-0.019;-0.014;-0.014;-0.03;-0.004;-0.008
static__Diagnose_R;-0.053;-0.074;-0.029;-0.045;-0.043;-0.039;-0.025;-0.019;-0.022;1.0;-0.017;-0.124;0.062;-0.044;-0.04;-0.03;0.05;-0.04;0.012;0.012;-0.04;-0.021;0.044;-0.04;-0.017;0.038;-0.04;0.042;-0.042;0.009;-0.009;0.048;-0.026;-0.04;-0.064;0.082;-0.04;-0.044;0.062;-0.04;-0.002;0.025;-0.04;0.062;-0.045;-0.04;0.036;-0.011;-0.04;0.046;-0.022;-0.04;-0.048;0.065;-0.04;-0.032;0.052;-0.04;0.05;-0.029;-0.04;0.059;-0.027;-0.04;0.032;-0.003;-0.04;-0.004;0.024;-0.04;-0.028;0.048;-0.04;-0.047;0.064;-0.04;-0.049;-0.003;-0.028;0.012;-0.008;0.006;-0.001;0.011;-0.025;-0.035;0.009;-0.0;0.008;-0.006;-0.01;-0.034;0.006;-0.028;0.009;-0.05;-0.006;-0.005;-0.037;-0.016;0.031;0.026;0.044;-0.014;0.077;-0.035;-0.017;0.0;0.002;0.004;-0.015;0.019;-0.033;-0.004;-0.009
static__Diagnose_S;-0.036;-0.051;-0.02;-0.031;-0.029;-0.027;-0.017;-0.013;-0.015;-0.017;1.0;-0.086;-0.01;0.005;0.011;0.085;-0.078;0.011;0.058;-0.058;0.011;0.102;-0.089;0.011;0.15;-0.135;0.011;-0.008;0.008;-0.008;0.008;0.001;-0.018;0.011;-0.018;0.013;0.011;0.007;-0.012;0.011;0.065;-0.063;0.011;0.016;-0.031;0.011;0.016;-0.03;0.011;-0.002;-0.015;0.011;0.164;-0.138;0.011;0.236;-0.205;0.011;0.003;-0.02;0.011;0.117;-0.108;0.011;0.011;-0.026;0.011;0.011;-0.016;0.011;0.167;-0.152;0.011;0.17;-0.141;0.011;-0.034;0.008;0.0;-0.002;-0.018;-0.0;-0.056;-0.09;-0.059;-0.015;0.013;0.007;-0.004;0.019;-0.071;-0.022;-0.0;-0.019;0.016;-0.027;0.015;-0.016;-0.025;-0.011;0.031;0.019;0.005;-0.015;-0.033;-0.024;-0.02;0.253;-0.014;-0.015;-0.011;-0.011;-0.023;-0.003;0.288
static__Diagnose_other;-0.268;-0.375;-0.145;-0.228;-0.216;-0.196;-0.124;-0.097;-0.112;-0.124;-0.086;1.0;0.106;-0.16;0.095;0.106;-0.148;0.095;0.131;-0.171;0.095;0.13;-0.167;0.095;0.135;-0.174;0.095;-0.115;0.115;-0.076;0.076;-0.043;-0.066;0.095;-0.008;-0.037;0.095;0.001;-0.046;0.095;0.118;-0.159;0.095;-0.039;-0.035;0.095;-0.027;-0.052;0.095;-0.086;0.005;0.095;0.145;-0.179;0.095;0.091;-0.136;0.095;-0.047;-0.051;0.095;0.087;-0.132;0.095;-0.05;-0.029;0.095;0.107;-0.15;0.095;0.036;-0.088;0.095;0.161;-0.191;0.095;-0.066;0.038;0.019;-0.033;-0.001;-0.009;-0.047;-0.053;-0.075;0.052;0.004;-0.011;0.012;-0.004;-0.037;0.011;-0.009;0.002;0.002;-0.056;-0.007;0.135;0.065;0.039;-0.051;-0.007;-0.039;0.031;-0.108;-0.047;0.072;-0.013;0.068;0.138;0.028;0.012;-0.041;-0.022;0.007
static__DiagnosticArtAstrup_False;-0.117;0.014;0.108;0.001;-0.052;-0.153;0.056;-0.078;0.002;0.062;-0.01;0.106;1.0;-0.872;-0.336;0.213;0.034;-0.336;0.257;-0.036;-0.336;0.218;0.048;-0.336;0.21;0.026;-0.336;0.333;-0.333;0.308;-0.308;0.305;-0.037;-0.336;0.143;0.018;-0.336;0.126;0.036;-0.336;0.268;-0.038;-0.336;0.331;-0.127;-0.336;0.315;-0.104;-0.336;0.358;-0.125;-0.336;0.197;0.069;-0.336;0.174;0.062;-0.336;0.326;-0.082;-0.336;0.197;0.029;-0.336;0.372;-0.171;-0.336;0.284;-0.107;-0.336;0.13;0.086;-0.336;0.2;0.072;-0.336;-0.092;-0.007;-0.047;0.102;0.008;0.018;-0.081;-0.092;-0.1;-0.026;0.024;-0.007;-0.0;0.012;-0.065;-0.058;0.018;-0.035;0.022;-0.054;-0.049;0.028;-0.016;0.009;0.008;0.013;0.012;-0.029;0.044;-0.061;-0.01;0.043;0.035;0.036;0.028;0.005;-0.074;0.021;0.043
static__DiagnosticArtAstrup_True;0.14;0.027;-0.089;0.026;0.014;0.184;-0.049;0.046;-0.03;-0.044;0.005;-0.16;-0.872;1.0;-0.167;-0.176;0.252;-0.167;-0.21;0.282;-0.167;-0.187;0.261;-0.167;-0.169;0.247;-0.167;0.144;-0.144;0.175;-0.175;0.107;0.06;-0.167;-0.031;0.111;-0.167;-0.023;0.102;-0.167;-0.226;0.296;-0.167;-0.015;0.171;-0.167;0.006;0.146;-0.167;0.071;0.149;-0.167;-0.166;0.244;-0.167;-0.134;0.217;-0.167;0.07;0.11;-0.167;-0.153;0.233;-0.167;-0.026;0.21;-0.167;-0.209;0.283;-0.167;-0.082;0.171;-0.167;-0.17;0.247;-0.167;0.069;0.007;0.023;0.051;0.006;0.01;0.081;0.072;0.098;-0.001;-0.015;0.006;-0.013;-0.008;0.065;0.035;0.01;0.01;-0.016;0.052;0.049;-0.045;0.011;-0.016;-0.003;-0.002;0.013;0.034;-0.043;0.03;0.036;-0.028;-0.054;-0.046;-0.021;-0.006;0.073;-0.019;-0.037
static__DiagnosticArtAstrup_other;-0.034;-0.079;-0.046;-0.053;0.077;-0.045;-0.018;0.068;0.052;-0.04;0.011;0.095;-0.336;-0.167;1.0;-0.09;-0.556;1.0;-0.112;-0.472;1.0;-0.08;-0.601;1.0;-0.097;-0.527;1.0;-0.95;0.95;-0.958;0.958;-0.821;-0.042;1.0;-0.228;-0.251;1.0;-0.21;-0.271;1.0;-0.106;-0.494;1.0;-0.64;-0.072;1.0;-0.646;-0.071;1.0;-0.86;-0.036;1.0;-0.078;-0.61;1.0;-0.093;-0.544;1.0;-0.793;-0.046;1.0;-0.102;-0.507;1.0;-0.7;-0.062;1.0;-0.171;-0.329;1.0;-0.104;-0.502;1.0;-0.076;-0.621;1.0;0.053;-0.001;0.05;-0.305;-0.028;-0.054;0.009;0.046;0.013;0.053;-0.018;0.002;0.026;-0.009;0.006;0.048;-0.054;0.052;-0.013;0.009;0.004;0.029;0.012;0.012;-0.011;-0.024;-0.05;-0.006;-0.005;0.065;-0.048;-0.033;0.033;0.015;-0.017;0.0;0.009;-0.007;-0.014
static__DiagnosticBlood_False;-0.059;-0.053;0.012;-0.088;-0.003;0.007;-0.056;-0.018;0.097;-0.03;0.085;0.106;0.213;-0.176;-0.09;1.0;-0.778;-0.09;0.55;-0.436;-0.09;0.879;-0.645;-0.09;0.795;-0.624;-0.09;0.095;-0.095;0.094;-0.094;0.095;-0.033;-0.09;0.331;-0.286;-0.09;0.335;-0.287;-0.09;0.617;-0.486;-0.09;0.094;-0.041;-0.09;0.082;-0.025;-0.09;0.076;0.007;-0.09;0.745;-0.531;-0.09;0.626;-0.471;-0.09;0.114;-0.065;-0.09;0.493;-0.374;-0.09;0.101;-0.047;-0.09;0.254;-0.199;-0.09;0.54;-0.417;-0.09;0.719;-0.504;-0.09;0.044;-0.021;0.006;0.027;-0.013;0.001;-0.22;-0.25;-0.095;0.059;0.017;0.024;-0.001;0.002;-0.169;0.003;0.001;0.018;0.022;0.012;-0.032;-0.015;-0.04;0.104;-0.008;-0.031;-0.026;-0.016;-0.055;-0.021;-0.007;-0.001;0.062;0.069;-0.029;0.014;0.058;-0.01;-0.02
static__DiagnosticBlood_True;0.071;0.094;0.02;0.108;-0.046;0.023;0.058;-0.028;-0.114;0.05;-0.078;-0.148;0.034;0.252;-0.556;-0.778;1.0;-0.556;-0.388;0.662;-0.556;-0.683;0.917;-0.556;-0.602;0.853;-0.556;0.52;-0.52;0.526;-0.526;0.439;0.054;-0.556;-0.133;0.397;-0.556;-0.147;0.411;-0.556;-0.448;0.718;-0.556;0.325;0.08;-0.556;0.339;0.066;-0.556;0.479;0.017;-0.556;-0.572;0.828;-0.556;-0.464;0.736;-0.556;0.405;0.084;-0.556;-0.347;0.632;-0.556;0.357;0.078;-0.556;-0.105;0.374;-0.556;-0.386;0.664;-0.556;-0.552;0.812;-0.556;-0.07;0.018;-0.036;0.169;0.029;0.033;0.178;0.18;0.072;-0.083;-0.003;-0.021;-0.016;0.004;0.137;-0.032;0.033;-0.048;-0.011;-0.016;0.024;-0.006;0.026;-0.094;0.013;0.041;0.054;0.017;0.049;-0.023;0.036;0.021;-0.072;-0.066;0.035;-0.012;-0.054;0.013;0.026
static__DiagnosticBlood_other;-0.034;-0.079;-0.046;-0.053;0.077;-0.045;-0.018;0.068;0.052;-0.04;0.011;0.095;-0.336;-0.167;1.0;-0.09;-0.556;1.0;-0.112;-0.472;1.0;-0.08;-0.601;1.0;-0.097;-0.527;1.0;-0.95;0.95;-0.958;0.958;-0.821;-0.042;1.0;-0.228;-0.251;1.0;-0.21;-0.271;1.0;-0.106;-0.494;1.0;-0.64;-0.072;1.0;-0.646;-0.071;1.0;-0.86;-0.036;1.0;-0.078;-0.61;1.0;-0.093;-0.544;1.0;-0.793;-0.046;1.0;-0.102;-0.507;1.0;-0.7;-0.062;1.0;-0.171;-0.329;1.0;-0.104;-0.502;1.0;-0.076;-0.621;1.0;0.053;-0.001;0.05;-0.305;-0.028;-0.054;0.009;0.046;0.013;0.053;-0.018;0.002;0.026;-0.009;0.006;0.048;-0.054;0.052;-0.013;0.009;0.004;0.029;0.012;0.012;-0.011;-0.024;-0.05;-0.006;-0.005;0.065;-0.048;-0.033;0.033;0.015;-0.017;0.0;0.009;-0.007;-0.014
static__DiagnosticECG_False;-0.119;-0.078;0.021;-0.03;0.008;-0.069;0.019;0.008;0.063;0.012;0.058;0.131;0.257;-0.21;-0.112;0.55;-0.388;-0.112;1.0;-0.823;-0.112;0.614;-0.418;-0.112;0.53;-0.384;-0.112;0.109;-0.109;0.117;-0.117;0.126;-0.055;-0.112;0.329;-0.274;-0.112;0.377;-0.317;-0.112;0.81;-0.642;-0.112;0.14;-0.081;-0.112;0.128;-0.065;-0.112;0.131;-0.063;-0.112;0.578;-0.384;-0.112;0.525;-0.373;-0.112;0.099;-0.012;-0.112;0.416;-0.294;-0.112;0.151;-0.095;-0.112;0.308;-0.239;-0.112;0.409;-0.289;-0.112;0.606;-0.4;-0.112;-0.028;0.015;-0.008;0.034;-0.012;-0.0;-0.192;-0.219;-0.109;0.038;0.022;0.012;-0.001;0.004;-0.15;-0.016;-0.0;0.015;0.024;-0.025;-0.015;0.023;-0.042;0.095;-0.04;-0.023;-0.055;-0.038;-0.011;-0.043;0.015;0.045;0.04;0.168;0.016;0.01;-0.018;-0.013;-0.025
static__DiagnosticECG_True;0.125;0.115;0.008;0.057;-0.051;0.087;-0.006;-0.046;-0.086;0.012;-0.058;-0.171;-0.036;0.282;-0.472;-0.436;0.662;-0.472;-0.823;1.0;-0.472;-0.499;0.714;-0.472;-0.414;0.642;-0.472;0.447;-0.447;0.444;-0.444;0.358;0.073;-0.472;-0.162;0.386;-0.472;-0.214;0.436;-0.472;-0.658;0.852;-0.472;0.241;0.113;-0.472;0.256;0.099;-0.472;0.376;0.076;-0.472;-0.468;0.689;-0.472;-0.413;0.642;-0.472;0.365;0.037;-0.472;-0.311;0.551;-0.472;0.266;0.12;-0.472;-0.175;0.401;-0.472;-0.303;0.544;-0.472;-0.494;0.71;-0.472;-0.005;-0.013;-0.021;0.144;0.027;0.031;0.165;0.168;0.09;-0.064;-0.009;-0.012;-0.014;0.002;0.129;-0.013;0.031;-0.043;-0.014;0.016;0.011;-0.037;0.03;-0.091;0.042;0.034;0.077;0.037;0.013;0.001;0.014;-0.021;-0.054;-0.158;-0.004;-0.009;0.011;0.015;0.03
static__DiagnosticECG_other;-0.034;-0.079;-0.046;-0.053;0.077;-0.045;-0.018;0.068;0.052;-0.04;0.011;0.095;-0.336;-0.167;1.0;-0.09;-0.556;1.0;-0.112;-0.472;1.0;-0.08;-0.601;1.0;-0.097;-0.527;1.0;-0.95;0.95;-0.958;0.958;-0.821;-0.042;1.0;-0.228;-0.251;1.0;-0.21;-0.271;1.0;-0.106;-0.494;1.0;-0.64;-0.072;1.0;-0.646;-0.071;1.0;-0.86;-0.036;1.0;-0.078;-0.61;1.0;-0.093;-0.544;1.0;-0.793;-0.046;1.0;-0.102;-0.507;1.0;-0.7;-0.062;1.0;-0.171;-0.329;1.0;-0.104;-0.502;1.0;-0.076;-0.621;1.0;0.053;-0.001;0.05;-0.305;-0.028;-0.054;0.009;0.046;0.013;0.053;-0.018;0.002;0.026;-0.009;0.006;0.048;-0.054;0.052;-0.013;0.009;0.004;0.029;0.012;0.012;-0.011;-0.024;-0.05;-0.006;-0.005;0.065;-0.048;-0.033;0.033;0.015;-0.017;0.0;0.009;-0.007;-0.014
static__DiagnosticIC_False;-0.094;-0.069;-0.005;-0.091;0.017;-0.01;-0.05;-0.011;0.117;-0.021;0.102;0.13;0.218;-0.187;-0.08;0.879;-0.683;-0.08;0.614;-0.499;-0.08;1.0;-0.749;-0.08;0.827;-0.657;-0.08;0.085;-0.085;0.084;-0.084;0.098;-0.052;-0.08;0.318;-0.278;-0.08;0.339;-0.296;-0.08;0.67;-0.539;-0.08;0.1;-0.058;-0.08;0.088;-0.041;-0.08;0.062;0.018;-0.08;0.809;-0.589;-0.08;0.693;-0.534;-0.08;0.101;-0.058;-0.08;0.546;-0.425;-0.08;0.115;-0.077;-0.08;0.277;-0.226;-0.08;0.57;-0.448;-0.08;0.816;-0.587;-0.08;0.024;-0.011;0.008;0.024;-0.016;-0.003;-0.258;-0.287;-0.107;0.064;0.021;0.01;0.002;0.005;-0.205;0.003;-0.003;0.033;0.024;0.008;-0.022;-0.006;-0.038;0.121;-0.026;-0.02;-0.034;-0.008;-0.048;-0.055;0.006;0.011;0.028;0.077;-0.025;0.005;0.059;-0.009;-0.018
static__DiagnosticIC_True;0.098;0.108;0.035;0.108;-0.065;0.038;0.052;-0.037;-0.129;0.044;-0.089;-0.167;0.048;0.261;-0.601;-0.645;0.917;-0.601;-0.418;0.714;-0.601;-0.749;1.0;-0.601;-0.599;0.878;-0.601;0.564;-0.564;0.57;-0.57;0.468;0.07;-0.601;-0.104;0.389;-0.601;-0.132;0.417;-0.601;-0.468;0.761;-0.601;0.345;0.094;-0.601;0.359;0.081;-0.601;0.522;0.01;-0.601;-0.597;0.878;-0.601;-0.494;0.79;-0.601;0.446;0.077;-0.601;-0.37;0.678;-0.601;0.373;0.103;-0.601;-0.109;0.4;-0.601;-0.388;0.693;-0.601;-0.604;0.884;-0.601;-0.054;0.01;-0.04;0.183;0.032;0.039;0.201;0.2;0.077;-0.087;-0.005;-0.01;-0.019;0.002;0.16;-0.034;0.039;-0.061;-0.011;-0.013;0.015;-0.015;0.023;-0.105;0.028;0.032;0.06;0.01;0.042;0.001;0.027;0.013;-0.044;-0.072;0.031;-0.004;-0.054;0.012;0.024
static__DiagnosticIC_other;-0.034;-0.079;-0.046;-0.053;0.077;-0.045;-0.018;0.068;0.052;-0.04;0.011;0.095;-0.336;-0.167;1.0;-0.09;-0.556;1.0;-0.112;-0.472;1.0;-0.08;-0.601;1.0;-0.097;-0.527;1.0;-0.95;0.95;-0.958;0.958;-0.821;-0.042;1.0;-0.228;-0.251;1.0;-0.21;-0.271;1.0;-0.106;-0.494;1.0;-0.64;-0.072;1.0;-0.646;-0.071;1.0;-0.86;-0.036;1.0;-0.078;-0.61;1.0;-0.093;-0.544;1.0;-0.793;-0.046;1.0;-0.102;-0.507;1.0;-0.7;-0.062;1.0;-0.171;-0.329;1.0;-0.104;-0.502;1.0;-0.076;-0.621;1.0;0.053;-0.001;0.05;-0.305;-0.028;-0.054;0.009;0.046;0.013;0.053;-0.018;0.002;0.026;-0.009;0.006;0.048;-0.054;0.052;-0.013;0.009;0.004;0.029;0.012;0.012;-0.011;-0.024;-0.05;-0.006;-0.005;0.065;-0.048;-0.033;0.033;0.015;-0.017;0.0;0.009;-0.007;-0.014
static__DiagnosticLacticAcid_False;-0.089;-0.09;-0.004;-0.073;0.001;-0.019;-0.018;-0.023;0.085;-0.017;0.15;0.135;0.21;-0.169;-0.097;0.795;-0.602;-0.097;0.53;-0.414;-0.097;0.827;-0.599;-0.097;1.0;-0.795;-0.097;0.102;-0.102;0.101;-0.101;0.06;0.039;-0.097;0.32;-0.272;-0.097;0.335;-0.284;-0.097;0.592;-0.46;-0.097;0.108;-0.052;-0.097;0.096;-0.037;-0.097;0.086;-0.0;-0.097;0.703;-0.493;-0.097;0.639;-0.478;-0.097;0.123;-0.07;-0.097;0.447;-0.329;-0.097;0.122;-0.07;-0.097;0.275;-0.216;-0.097;0.533;-0.406;-0.097;0.697;-0.481;-0.097;0.026;-0.003;0.016;0.03;-0.013;-0.003;-0.228;-0.277;-0.119;0.057;0.017;0.024;-0.003;0.015;-0.194;-0.0;-0.003;0.036;0.025;0.003;0.012;-0.021;-0.043;0.093;-0.012;-0.007;-0.023;-0.011;-0.039;-0.061;-0.015;0.023;0.026;0.079;-0.032;0.009;0.075;-0.011;-0.022
static__DiagnosticLacticAcid_True;0.097;0.125;0.031;0.095;-0.048;0.044;0.026;-0.022;-0.105;0.038;-0.135;-0.174;0.026;0.247;-0.527;-0.624;0.853;-0.527;-0.384;0.642;-0.527;-0.657;0.878;-0.527;-0.795;1.0;-0.527;0.492;-0.492;0.498;-0.498;0.45;-0.008;-0.527;-0.134;0.385;-0.527;-0.158;0.407;-0.527;-0.441;0.695;-0.527;0.298;0.089;-0.527;0.312;0.075;-0.527;0.451;0.022;-0.527;-0.552;0.793;-0.527;-0.489;0.74;-0.527;0.379;0.088;-0.527;-0.319;0.59;-0.527;0.322;0.097;-0.527;-0.131;0.385;-0.527;-0.392;0.653;-0.527;-0.548;0.79;-0.527;-0.054;0.003;-0.044;0.161;0.028;0.036;0.189;0.208;0.094;-0.081;-0.004;-0.022;-0.013;-0.007;0.162;-0.029;0.036;-0.062;-0.013;-0.008;-0.013;0.0;0.03;-0.087;0.017;0.02;0.05;0.013;0.037;0.012;0.042;0.001;-0.042;-0.076;0.038;-0.008;-0.07;0.014;0.027
static__DiagnosticLacticAcid_other;-0.034;-0.079;-0.046;-0.053;0.077;-0.045;-0.018;0.068;0.052;-0.04;0.011;0.095;-0.336;-0.167;1.0;-0.09;-0.556;1.0;-0.112;-0.472;1.0;-0.08;-0.601;1.0;-0.097;-0.527;1.0;-0.95;0.95;-0.958;0.958;-0.821;-0.042;1.0;-0.228;-0.251;1.0;-0.21;-0.271;1.0;-0.106;-0.494;1.0;-0.64;-0.072;1.0;-0.646;-0.071;1.0;-0.86;-0.036;1.0;-0.078;-0.61;1.0;-0.093;-0.544;1.0;-0.793;-0.046;1.0;-0.102;-0.507;1.0;-0.7;-0.062;1.0;-0.171;-0.329;1.0;-0.104;-0.502;1.0;-0.076;-0.621;1.0;0.053;-0.001;0.05;-0.305;-0.028;-0.054;0.009;0.046;0.013;0.053;-0.018;0.002;0.026;-0.009;0.006;0.048;-0.054;0.052;-0.013;0.009;0.004;0.029;0.012;0.012;-0.011;-0.024;-0.05;-0.006;-0.005;0.065;-0.048;-0.033;0.033;0.015;-0.017;0.0;0.009;-0.007;-0.014
static__DiagnosticLiquor_False;0.041;0.078;0.049;0.058;-0.067;0.049;0.021;-0.062;-0.047;0.042;-0.008;-0.115;0.333;0.144;-0.95;0.095;0.52;-0.95;0.109;0.447;-0.95;0.085;0.564;-0.95;0.102;0.492;-0.95;1.0;-1.0;0.909;-0.909;0.778;0.044;-0.95;0.233;0.222;-0.95;0.221;0.236;-0.95;0.111;0.46;-0.95;0.602;0.076;-0.95;0.608;0.075;-0.95;0.815;0.038;-0.95;0.082;0.573;-0.95;0.098;0.509;-0.95;0.75;0.049;-0.95;0.108;0.472;-0.95;0.66;0.065;-0.95;0.172;0.303;-0.95;0.109;0.467;-0.95;0.08;0.584;-0.95;-0.052;0.005;-0.044;0.289;0.028;0.051;-0.007;-0.045;-0.011;-0.05;0.016;-0.007;-0.024;0.01;-0.008;-0.043;0.051;-0.045;0.011;-0.001;0.004;-0.024;-0.017;-0.033;0.006;0.028;0.053;0.009;0.008;-0.057;0.037;0.035;-0.028;-0.011;0.019;-0.037;-0.003;0.008;0.015
static__DiagnosticLiquor_other;-0.041;-0.078;-0.049;-0.058;0.067;-0.049;-0.021;0.062;0.047;-0.042;0.008;0.115;-0.333;-0.144;0.95;-0.095;-0.52;0.95;-0.109;-0.447;0.95;-0.085;-0.564;0.95;-0.102;-0.492;0.95;-1.0;1.0;-0.909;0.909;-0.778;-0.044;0.95;-0.233;-0.222;0.95;-0.221;-0.236;0.95;-0.111;-0.46;0.95;-0.602;-0.076;0.95;-0.608;-0.075;0.95;-0.815;-0.038;0.95;-0.082;-0.573;0.95;-0.098;-0.509;0.95;-0.75;-0.049;0.95;-0.108;-0.472;0.95;-0.66;-0.065;0.95;-0.172;-0.303;0.95;-0.109;-0.467;0.95;-0.08;-0.584;0.95;0.052;-0.005;0.044;-0.289;-0.028;-0.051;0.007;0.045;0.011;0.05;-0.016;0.007;0.024;-0.01;0.008;0.043;-0.051;0.045;-0.011;0.001;-0.004;0.024;0.017;0.033;-0.006;-0.028;-0.053;-0.009;-0.008;0.057;-0.037;-0.035;0.028;0.011;-0.019;0.037;0.003;-0.008;-0.015
static__DiagnosticOther_False;0.026;0.057;0.048;0.057;-0.069;0.048;0.02;-0.063;-0.048;0.009;-0.008;-0.076;0.308;0.175;-0.958;0.094;0.526;-0.958;0.117;0.444;-0.958;0.084;0.57;-0.958;0.101;0.498;-0.958;0.909;-0.909;1.0;-1.0;0.785;0.044;-0.958;0.22;0.238;-0.958;0.202;0.259;-0.958;0.11;0.466;-0.958;0.608;0.076;-0.958;0.615;0.074;-0.958;0.822;0.037;-0.958;0.082;0.579;-0.958;0.097;0.514;-0.958;0.757;0.049;-0.958;0.095;0.489;-0.958;0.666;0.064;-0.958;0.178;0.301;-0.958;0.089;0.49;-0.958;0.079;0.59;-0.958;-0.044;0.003;-0.046;0.292;0.024;0.053;-0.009;-0.049;-0.012;-0.049;0.017;-0.007;-0.024;0.01;-0.011;-0.044;0.053;-0.046;0.011;-0.007;-0.003;-0.025;-0.007;-0.009;0.012;0.027;0.052;0.009;-0.009;-0.058;0.05;0.035;-0.029;-0.011;0.019;-0.009;-0.004;0.007;0.015
static__DiagnosticOther_other;-0.026;-0.057;-0.048;-0.057;0.069;-0.048;-0.02;0.063;0.048;-0.009;0.008;0.076;-0.308;-0.175;0.958;-0.094;-0.526;0.958;-0.117;-0.444;0.958;-0.084;-0.57;0.958;-0.101;-0.498;0.958;-0.909;0.909;-1.0;1.0;-0.785;-0.044;0.958;-0.22;-0.238;0.958;-0.202;-0.259;0.958;-0.11;-0.466;0.958;-0.608;-0.076;0.958;-0.615;-0.074;0.958;-0.822;-0.037;0.958;-0.082;-0.579;0.958;-0.097;-0.514;0.958;-0.757;-0.049;0.958;-0.095;-0.489;0.958;-0.666;-0.064;0.958;-0.178;-0.301;0.958;-0.089;-0.49;0.958;-0.079;-0.59;0.958;0.044;-0.003;0.046;-0.292;-0.024;-0.053;0.009;0.049;0.012;0.049;-0.017;0.007;0.024;-0.01;0.011;0.044;-0.053;0.046;-0.011;0.007;0.003;0.025;0.007;0.009;-0.012;-0.027;-0.052;-0.009;0.009;0.058;-0.05;-0.035;0.029;0.011;-0.019;0.009;0.004;-0.007;-0.015
static__DiagnosticSputum_False;-0.016;0.077;0.021;0.018;-0.04;-0.019;0.03;-0.046;-0.031;0.048;0.001;-0.043;0.305;0.107;-0.821;0.095;0.439;-0.821;0.126;0.358;-0.821;0.098;0.468;-0.821;0.06;0.45;-0.821;0.778;-0.778;0.785;-0.785;1.0;-0.535;-0.821;0.2;0.193;-0.821;0.202;0.194;-0.821;0.129;0.369;-0.821;0.504;0.088;-0.821;0.51;0.087;-0.821;0.699;0.044;-0.821;0.079;0.49;-0.821;0.091;0.435;-0.821;0.64;0.057;-0.821;0.125;0.381;-0.821;0.576;0.049;-0.821;0.136;0.275;-0.821;0.113;0.388;-0.821;0.093;0.487;-0.821;-0.028;-0.0;-0.044;0.25;0.028;0.042;-0.018;-0.037;-0.005;-0.037;0.015;-0.001;-0.033;0.011;0.005;-0.036;0.042;-0.027;0.01;-0.019;-0.003;-0.01;-0.034;-0.0;-0.007;-0.007;0.03;-0.01;0.014;-0.034;0.039;0.043;-0.016;0.001;0.024;0.009;-0.008;-0.058;0.017
static__DiagnosticSputum_True;0.079;-0.017;0.032;0.048;-0.045;0.099;-0.026;-0.02;-0.023;-0.026;-0.018;-0.066;-0.037;0.06;-0.042;-0.033;0.054;-0.042;-0.055;0.073;-0.042;-0.052;0.07;-0.042;0.039;-0.008;-0.042;0.044;-0.044;0.044;-0.044;-0.535;1.0;-0.042;-0.013;0.033;-0.042;-0.042;0.061;-0.042;-0.069;0.085;-0.042;0.066;-0.047;-0.042;0.065;-0.046;-0.042;0.049;-0.023;-0.042;-0.022;0.045;-0.042;-0.021;0.044;-0.042;0.053;-0.03;-0.042;-0.067;0.083;-0.042;0.027;0.005;-0.042;0.016;0.005;-0.042;-0.044;0.063;-0.042;-0.05;0.068;-0.042;-0.029;0.002;0.003;0.013;-0.007;0.006;0.018;-0.003;-0.01;-0.015;-0.0;-0.001;0.02;-0.006;-0.019;-0.008;0.006;-0.029;0.002;0.02;-0.001;-0.024;0.042;-0.017;0.027;0.049;0.022;0.027;-0.017;-0.037;0.002;-0.026;-0.021;-0.023;-0.016;-0.017;0.0;0.112;-0.009
static__DiagnosticSputum_other;-0.034;-0.079;-0.046;-0.053;0.077;-0.045;-0.018;0.068;0.052;-0.04;0.011;0.095;-0.336;-0.167;1.0;-0.09;-0.556;1.0;-0.112;-0.472;1.0;-0.08;-0.601;1.0;-0.097;-0.527;1.0;-0.95;0.95;-0.958;0.958;-0.821;-0.042;1.0;-0.228;-0.251;1.0;-0.21;-0.271;1.0;-0.106;-0.494;1.0;-0.64;-0.072;1.0;-0.646;-0.071;1.0;-0.86;-0.036;1.0;-0.078;-0.61;1.0;-0.093;-0.544;1.0;-0.793;-0.046;1.0;-0.102;-0.507;1.0;-0.7;-0.062;1.0;-0.171;-0.329;1.0;-0.104;-0.502;1.0;-0.076;-0.621;1.0;0.053;-0.001;0.05;-0.305;-0.028;-0.054;0.009;0.046;0.013;0.053;-0.018;0.002;0.026;-0.009;0.006;0.048;-0.054;0.052;-0.013;0.009;0.004;0.029;0.012;0.012;-0.011;-0.024;-0.05;-0.006;-0.005;0.065;-0.048;-0.033;0.033;0.015;-0.017;0.0;0.009;-0.007;-0.014
static__DiagnosticUrinaryCulture_False;0.054;-0.094;0.078;0.029;-0.016;0.115;-0.068;-0.016;0.03;-0.064;-0.018;-0.008;0.143;-0.031;-0.228;0.331;-0.133;-0.228;0.329;-0.162;-0.228;0.318;-0.104;-0.228;0.32;-0.134;-0.228;0.233;-0.233;0.22;-0.22;0.2;-0.013;-0.228;1.0;-0.886;-0.228;0.843;-0.722;-0.228;0.352;-0.174;-0.228;0.226;-0.088;-0.228;0.225;-0.085;-0.228;0.213;-0.025;-0.228;0.308;-0.092;-0.228;0.284;-0.098;-0.228;0.218;-0.052;-0.228;0.223;-0.057;-0.228;0.192;-0.032;-0.228;0.143;-0.025;-0.228;0.258;-0.09;-0.228;0.292;-0.075;-0.228;-0.02;0.006;-0.015;0.069;-0.013;0.003;-0.106;-0.129;-0.076;0.002;0.017;0.008;-0.006;0.002;-0.08;-0.025;0.003;-0.007;0.018;0.082;0.004;-0.064;-0.019;0.026;-0.039;-0.023;-0.036;-0.018;-0.039;-0.046;0.046;0.036;0.025;0.011;-0.038;0.012;0.016;-0.006;-0.051
static__DiagnosticUrinaryCulture_True;-0.038;0.132;-0.055;-0.003;-0.021;-0.093;0.076;-0.016;-0.054;0.082;0.013;-0.037;0.018;0.111;-0.251;-0.286;0.397;-0.251;-0.274;0.386;-0.251;-0.278;0.389;-0.251;-0.272;0.385;-0.251;0.222;-0.222;0.238;-0.238;0.193;0.033;-0.251;-0.886;1.0;-0.251;-0.738;0.847;-0.251;-0.299;0.409;-0.251;0.08;0.122;-0.251;0.085;0.119;-0.251;0.199;0.042;-0.251;-0.269;0.382;-0.251;-0.238;0.356;-0.251;0.161;0.073;-0.251;-0.172;0.299;-0.251;0.142;0.061;-0.251;-0.06;0.181;-0.251;-0.207;0.329;-0.251;-0.254;0.37;-0.251;-0.005;-0.006;-0.009;0.076;0.027;0.023;0.101;0.106;0.069;-0.028;-0.009;-0.009;-0.006;0.003;0.076;0.003;0.023;-0.017;-0.011;-0.086;-0.006;0.05;0.013;-0.031;0.044;0.034;0.06;0.021;0.042;0.014;-0.022;-0.02;-0.04;-0.018;0.046;-0.012;-0.02;0.01;0.057
static__DiagnosticUrinaryCulture_other;-0.034;-0.079;-0.046;-0.053;0.077;-0.045;-0.018;0.068;0.052;-0.04;0.011;0.095;-0.336;-0.167;1.0;-0.09;-0.556;1.0;-0.112;-0.472;1.0;-0.08;-0.601;1.0;-0.097;-0.527;1.0;-0.95;0.95;-0.958;0.958;-0.821;-0.042;1.0;-0.228;-0.251;1.0;-0.21;-0.271;1.0;-0.106;-0.494;1.0;-0.64;-0.072;1.0;-0.646;-0.071;1.0;-0.86;-0.036;1.0;-0.078;-0.61;1.0;-0.093;-0.544;1.0;-0.793;-0.046;1.0;-0.102;-0.507;1.0;-0.7;-0.062;1.0;-0.171;-0.329;1.0;-0.104;-0.502;1.0;-0.076;-0.621;1.0;0.053;-0.001;0.05;-0.305;-0.028;-0.054;0.009;0.046;0.013;0.053;-0.018;0.002;0.026;-0.009;0.006;0.048;-0.054;0.052;-0.013;0.009;0.004;0.029;0.012;0.012;-0.011;-0.024;-0.05;-0.006;-0.005;0.065;-0.048;-0.033;0.033;0.015;-0.017;0.0;0.009;-0.007;-0.014
static__DiagnosticUrinarySediment_False;0.033;-0.077;0.08;0.006;-0.024;0.064;-0.026;-0.007;0.041;-0.044;0.007;0.001;0.126;-0.023;-0.21;0.335;-0.147;-0.21;0.377;-0.214;-0.21;0.339;-0.132;-0.21;0.335;-0.158;-0.21;0.221;-0.221;0.202;-0.202;0.202;-0.042;-0.21;0.843;-0.738;-0.21;1.0;-0.884;-0.21;0.394;-0.221;-0.21;0.209;-0.081;-0.21;0.218;-0.092;-0.21;0.199;-0.029;-0.21;0.336;-0.125;-0.21;0.312;-0.132;-0.21;0.19;-0.028;-0.21;0.227;-0.072;-0.21;0.197;-0.056;-0.21;0.126;-0.017;-0.21;0.273;-0.113;-0.21;0.319;-0.108;-0.21;-0.023;0.007;-0.009;0.064;-0.013;0.001;-0.107;-0.135;-0.084;0.015;0.019;0.004;-0.003;-0.001;-0.089;-0.02;0.001;0.003;0.019;0.061;0.016;-0.071;-0.017;0.034;-0.008;-0.009;-0.011;0.003;-0.052;-0.07;0.016;0.058;0.002;0.022;-0.031;-0.01;0.031;-0.023;-0.047
static__DiagnosticUrinarySediment_True;-0.016;0.114;-0.057;0.02;-0.014;-0.041;0.034;-0.026;-0.065;0.062;-0.012;-0.046;0.036;0.102;-0.271;-0.287;0.411;-0.271;-0.317;0.436;-0.271;-0.296;0.417;-0.271;-0.284;0.407;-0.271;0.236;-0.236;0.259;-0.259;0.194;0.061;-0.271;-0.722;0.847;-0.271;-0.884;1.0;-0.271;-0.337;0.454;-0.271;0.1;0.114;-0.271;0.094;0.125;-0.271;0.215;0.045;-0.271;-0.293;0.415;-0.271;-0.262;0.39;-0.271;0.192;0.049;-0.271;-0.175;0.313;-0.271;0.141;0.085;-0.271;-0.043;0.174;-0.271;-0.22;0.351;-0.271;-0.278;0.403;-0.271;-0.003;-0.006;-0.015;0.082;0.026;0.025;0.101;0.111;0.077;-0.041;-0.01;-0.005;-0.009;0.005;0.085;-0.004;0.025;-0.028;-0.012;-0.065;-0.018;0.056;0.011;-0.039;0.013;0.02;0.034;0.0;0.053;0.037;0.007;-0.041;-0.018;-0.029;0.039;0.01;-0.035;0.027;0.053
static__DiagnosticUrinarySediment_other;-0.034;-0.079;-0.046;-0.053;0.077;-0.045;-0.018;0.068;0.052;-0.04;0.011;0.095;-0.336;-0.167;1.0;-0.09;-0.556;1.0;-0.112;-0.472;1.0;-0.08;-0.601;1.0;-0.097;-0.527;1.0;-0.95;0.95;-0.958;0.958;-0.821;-0.042;1.0;-0.228;-0.251;1.0;-0.21;-0.271;1.0;-0.106;-0.494;1.0;-0.64;-0.072;1.0;-0.646;-0.071;1.0;-0.86;-0.036;1.0;-0.078;-0.61;1.0;-0.093;-0.544;1.0;-0.793;-0.046;1.0;-0.102;-0.507;1.0;-0.7;-0.062;1.0;-0.171;-0.329;1.0;-0.104;-0.502;1.0;-0.076;-0.621;1.0;0.053;-0.001;0.05;-0.305;-0.028;-0.054;0.009;0.046;0.013;0.053;-0.018;0.002;0.026;-0.009;0.006;0.048;-0.054;0.052;-0.013;0.009;0.004;0.029;0.012;0.012;-0.011;-0.024;-0.05;-0.006;-0.005;0.065;-0.048;-0.033;0.033;0.015;-0.017;0.0;0.009;-0.007;-0.014
static__DiagnosticXthorax_False;-0.118;-0.057;0.002;-0.062;0.037;-0.061;0.023;-0.028;0.103;-0.002;0.065;0.118;0.268;-0.226;-0.106;0.617;-0.448;-0.106;0.81;-0.658;-0.106;0.67;-0.468;-0.106;0.592;-0.441;-0.106;0.111;-0.111;0.11;-0.11;0.129;-0.069;-0.106;0.352;-0.299;-0.106;0.394;-0.337;-0.106;1.0;-0.812;-0.106;0.127;-0.069;-0.106;0.122;-0.062;-0.106;0.123;-0.059;-0.106;0.605;-0.409;-0.106;0.545;-0.394;-0.106;0.12;-0.054;-0.106;0.418;-0.299;-0.106;0.142;-0.088;-0.106;0.308;-0.243;-0.106;0.425;-0.307;-0.106;0.626;-0.42;-0.106;-0.011;0.006;-0.001;0.032;-0.008;0.002;-0.203;-0.223;-0.119;0.048;0.023;0.007;0.007;-0.002;-0.162;-0.011;0.002;0.024;0.024;-0.024;-0.018;0.023;-0.034;0.082;-0.037;-0.007;-0.042;-0.033;-0.027;-0.056;0.001;0.074;0.069;0.104;-0.002;0.01;0.018;-0.012;-0.024
static__DiagnosticXthorax_True;0.123;0.096;0.026;0.085;-0.077;0.08;-0.01;-0.015;-0.121;0.025;-0.063;-0.159;-0.038;0.296;-0.494;-0.486;0.718;-0.494;-0.642;0.852;-0.494;-0.539;0.761;-0.494;-0.46;0.695;-0.494;0.46;-0.46;0.466;-0.466;0.369;0.085;-0.494;-0.174;0.409;-0.494;-0.221;0.454;-0.494;-0.812;1.0;-0.494;0.265;0.103;-0.494;0.273;0.096;-0.494;0.397;0.073;-0.494;-0.483;0.716;-0.494;-0.422;0.663;-0.494;0.36;0.074;-0.494;-0.305;0.559;-0.494;0.286;0.113;-0.494;-0.169;0.406;-0.494;-0.311;0.563;-0.494;-0.502;0.731;-0.494;-0.021;-0.005;-0.029;0.151;0.023;0.03;0.172;0.168;0.096;-0.073;-0.009;-0.007;-0.021;0.007;0.138;-0.019;0.03;-0.051;-0.013;0.015;0.013;-0.037;0.023;-0.078;0.039;0.02;0.066;0.032;0.027;0.01;0.027;-0.045;-0.079;-0.099;0.012;-0.009;-0.021;0.015;0.029
static__DiagnosticXthorax_other;-0.034;-0.079;-0.046;-0.053;0.077;-0.045;-0.018;0.068;0.052;-0.04;0.011;0.095;-0.336;-0.167;1.0;-0.09;-0.556;1.0;-0.112;-0.472;1.0;-0.08;-0.601;1.0;-0.097;-0.527;1.0;-0.95;0.95;-0.958;0.958;-0.821;-0.042;1.0;-0.228;-0.251;1.0;-0.21;-0.271;1.0;-0.106;-0.494;1.0;-0.64;-0.072;1.0;-0.646;-0.071;1.0;-0.86;-0.036;1.0;-0.078;-0.61;1.0;-0.093;-0.544;1.0;-0.793;-0.046;1.0;-0.102;-0.507;1.0;-0.7;-0.062;1.0;-0.171;-0.329;1.0;-0.104;-0.502;1.0;-0.076;-0.621;1.0;0.053;-0.001;0.05;-0.305;-0.028;-0.054;0.009;0.046;0.013;0.053;-0.018;0.002;0.026;-0.009;0.006;0.048;-0.054;0.052;-0.013;0.009;0.004;0.029;0.012;0.012;-0.011;-0.024;-0.05;-0.006;-0.005;0.065;-0.048;-0.033;0.033;0.015;-0.017;0.0;0.009;-0.007;-0.014
static__DisfuncOrg_False;0.036;0.024;0.072;0.089;-0.232;0.045;0.02;-0.02;-0.005;0.062;0.016;-0.039;0.331;-0.015;-0.64;0.094;0.325;-0.64;0.14;0.241;-0.64;0.1;0.345;-0.64;0.108;0.298;-0.64;0.602;-0.602;0.608;-0.608;0.504;0.066;-0.64;0.226;0.08;-0.64;0.209;0.1;-0.64;0.127;0.265;-0.64;1.0;-0.72;-0.64;0.845;-0.519;-0.64;0.71;-0.289;-0.64;0.122;0.333;-0.64;0.139;0.281;-0.64;0.74;-0.352;-0.64;0.145;0.255;-0.64;0.589;-0.157;-0.64;0.232;0.093;-0.64;0.103;0.289;-0.64;0.119;0.342;-0.64;-0.235;0.054;-0.058;0.195;0.012;0.032;-0.049;-0.077;-0.154;-0.056;0.041;-0.009;-0.009;0.0;-0.041;-0.09;0.032;-0.012;0.034;0.016;0.04;-0.029;0.014;0.015;-0.001;0.015;0.065;-0.024;0.015;-0.172;0.036;0.018;0.006;-0.021;0.033;0.022;-0.165;-0.016;0.022
static__DisfuncOrg_True;-0.015;0.041;-0.052;-0.067;0.232;-0.018;-0.01;-0.035;-0.04;-0.045;-0.031;-0.035;-0.127;0.171;-0.072;-0.041;0.08;-0.072;-0.081;0.113;-0.072;-0.058;0.094;-0.072;-0.052;0.089;-0.072;0.076;-0.076;0.076;-0.076;0.088;-0.047;-0.072;-0.088;0.122;-0.072;-0.081;0.114;-0.072;-0.069;0.103;-0.072;-0.72;1.0;-0.072;-0.513;0.737;-0.072;-0.145;0.408;-0.072;-0.088;0.119;-0.072;-0.096;0.126;-0.072;-0.245;0.499;-0.072;-0.096;0.126;-0.072;-0.132;0.26;-0.072;-0.147;0.176;-0.072;-0.04;0.078;-0.072;-0.086;0.117;-0.072;0.257;-0.069;0.03;0.022;0.01;0.008;0.055;0.058;0.189;0.024;-0.037;0.01;-0.012;0.008;0.047;0.073;0.008;-0.031;-0.033;-0.03;-0.056;0.011;-0.029;-0.029;0.011;0.002;-0.039;0.037;-0.015;0.164;-0.004;0.007;-0.037;0.014;-0.028;-0.029;0.207;0.028;-0.016
static__DisfuncOrg_other;-0.034;-0.079;-0.046;-0.053;0.077;-0.045;-0.018;0.068;0.052;-0.04;0.011;0.095;-0.336;-0.167;1.0;-0.09;-0.556;1.0;-0.112;-0.472;1.0;-0.08;-0.601;1.0;-0.097;-0.527;1.0;-0.95;0.95;-0.958;0.958;-0.821;-0.042;1.0;-0.228;-0.251;1.0;-0.21;-0.271;1.0;-0.106;-0.494;1.0;-0.64;-0.072;1.0;-0.646;-0.071;1.0;-0.86;-0.036;1.0;-0.078;-0.61;1.0;-0.093;-0.544;1.0;-0.793;-0.046;1.0;-0.102;-0.507;1.0;-0.7;-0.062;1.0;-0.171;-0.329;1.0;-0.104;-0.502;1.0;-0.076;-0.621;1.0;0.053;-0.001;0.05;-0.305;-0.028;-0.054;0.009;0.046;0.013;0.053;-0.018;0.002;0.026;-0.009;0.006;0.048;-0.054;0.052;-0.013;0.009;0.004;0.029;0.012;0.012;-0.011;-0.024;-0.05;-0.006;-0.005;0.065;-0.048;-0.033;0.033;0.015;-0.017;0.0;0.009;-0.007;-0.014
static__Hypotensie_False;0.024;0.035;0.072;0.073;-0.239;0.044;0.046;-0.021;-0.006;0.036;0.016;-0.027;0.315;0.006;-0.646;0.082;0.339;-0.646;0.128;0.256;-0.646;0.088;0.359;-0.646;0.096;0.312;-0.646;0.608;-0.608;0.615;-0.615;0.51;0.065;-0.646;0.225;0.085;-0.646;0.218;0.094;-0.646;0.122;0.273;-0.646;0.845;-0.513;-0.646;1.0;-0.715;-0.646;0.619;-0.101;-0.646;0.121;0.338;-0.646;0.144;0.281;-0.646;0.711;-0.295;-0.646;0.143;0.261;-0.646;0.572;-0.127;-0.646;0.184;0.142;-0.646;0.122;0.277;-0.646;0.118;0.348;-0.646;-0.238;0.056;-0.064;0.197;-0.002;0.025;-0.055;-0.09;-0.166;-0.059;0.044;-0.01;-0.009;0.0;-0.038;-0.097;0.025;-0.006;0.037;0.033;-0.01;-0.015;0.008;-0.008;-0.002;-0.015;0.067;-0.008;0.022;-0.154;0.041;0.019;0.005;0.019;0.033;0.022;-0.19;-0.017;0.022
static__Hypotensie_True;-0.0;0.027;-0.051;-0.046;0.242;-0.016;-0.044;-0.034;-0.04;-0.011;-0.03;-0.052;-0.104;0.146;-0.071;-0.025;0.066;-0.071;-0.065;0.099;-0.071;-0.041;0.081;-0.071;-0.037;0.075;-0.071;0.075;-0.075;0.074;-0.074;0.087;-0.046;-0.071;-0.085;0.119;-0.071;-0.092;0.125;-0.071;-0.062;0.096;-0.071;-0.519;0.737;-0.071;-0.715;1.0;-0.071;-0.021;0.164;-0.071;-0.087;0.117;-0.071;-0.103;0.131;-0.071;-0.203;0.428;-0.071;-0.094;0.124;-0.071;-0.107;0.223;-0.071;-0.084;0.115;-0.071;-0.064;0.098;-0.071;-0.084;0.115;-0.071;0.264;-0.072;0.037;0.022;0.029;0.017;0.064;0.076;0.206;0.028;-0.041;0.01;-0.012;0.008;0.044;0.083;0.017;-0.04;-0.037;-0.051;0.009;-0.007;-0.022;-0.0;0.013;0.041;-0.041;0.016;-0.024;0.141;-0.01;0.006;-0.036;-0.039;-0.027;-0.028;0.24;0.028;-0.016
static__Hypotensie_other;-0.034;-0.079;-0.046;-0.053;0.077;-0.045;-0.018;0.068;0.052;-0.04;0.011;0.095;-0.336;-0.167;1.0;-0.09;-0.556;1.0;-0.112;-0.472;1.0;-0.08;-0.601;1.0;-0.097;-0.527;1.0;-0.95;0.95;-0.958;0.958;-0.821;-0.042;1.0;-0.228;-0.251;1.0;-0.21;-0.271;1.0;-0.106;-0.494;1.0;-0.64;-0.072;1.0;-0.646;-0.071;1.0;-0.86;-0.036;1.0;-0.078;-0.61;1.0;-0.093;-0.544;1.0;-0.793;-0.046;1.0;-0.102;-0.507;1.0;-0.7;-0.062;1.0;-0.171;-0.329;1.0;-0.104;-0.502;1.0;-0.076;-0.621;1.0;0.053;-0.001;0.05;-0.305;-0.028;-0.054;0.009;0.046;0.013;0.053;-0.018;0.002;0.026;-0.009;0.006;0.048;-0.054;0.052;-0.013;0.009;0.004;0.029;0.012;0.012;-0.011;-0.024;-0.05;-0.006;-0.005;0.065;-0.048;-0.033;0.033;0.015;-0.017;0.0;0.009;-0.007;-0.014
static__Hypoxie_False;0.011;0.04;0.054;0.068;-0.069;0.057;0.027;-0.051;-0.036;0.046;-0.002;-0.086;0.358;0.071;-0.86;0.076;0.479;-0.86;0.131;0.376;-0.86;0.062;0.522;-0.86;0.086;0.451;-0.86;0.815;-0.815;0.822;-0.822;0.699;0.049;-0.86;0.213;0.199;-0.86;0.199;0.215;-0.86;0.123;0.397;-0.86;0.71;-0.145;-0.86;0.619;-0.021;-0.86;1.0;-0.479;-0.86;0.091;0.506;-0.86;0.08;0.468;-0.86;0.754;-0.079;-0.86;0.119;0.409;-0.86;0.64;-0.001;-0.86;0.199;0.233;-0.86;0.113;0.411;-0.86;0.089;0.516;-0.86;-0.088;0.013;-0.042;0.262;0.024;0.047;-0.017;-0.044;-0.049;-0.051;0.022;-0.008;-0.02;0.011;-0.006;-0.053;0.047;-0.042;0.017;-0.005;-0.001;-0.015;0.007;-0.003;0.017;0.012;0.058;-0.006;-0.0;-0.089;0.034;0.022;-0.019;-0.003;0.022;0.007;-0.039;-0.026;0.017
static__Hypoxie_True;0.037;0.059;-0.026;-0.041;0.002;-0.035;-0.022;-0.017;-0.02;-0.022;-0.015;0.005;-0.125;0.149;-0.036;0.007;0.017;-0.036;-0.063;0.076;-0.036;0.018;0.01;-0.036;-0.0;0.022;-0.036;0.038;-0.038;0.037;-0.037;0.044;-0.023;-0.036;-0.025;0.042;-0.036;-0.029;0.045;-0.036;-0.059;0.073;-0.036;-0.289;0.408;-0.036;-0.101;0.164;-0.036;-0.479;1.0;-0.036;-0.044;0.059;-0.036;0.004;0.019;-0.036;-0.113;0.234;-0.036;-0.057;0.071;-0.036;-0.05;0.108;-0.036;-0.095;0.109;-0.036;-0.043;0.059;-0.036;-0.042;0.058;-0.036;0.082;-0.025;-0.004;0.011;0.002;0.001;0.018;0.006;0.074;0.007;-0.012;0.012;-0.006;-0.005;0.002;0.021;0.001;-0.007;-0.01;-0.006;-0.005;-0.021;-0.033;-0.015;-0.014;0.019;-0.028;0.022;0.009;0.063;0.016;0.013;-0.018;-0.019;-0.014;-0.014;0.062;0.064;-0.008
static__Hypoxie_other;-0.034;-0.079;-0.046;-0.053;0.077;-0.045;-0.018;0.068;0.052;-0.04;0.011;0.095;-0.336;-0.167;1.0;-0.09;-0.556;1.0;-0.112;-0.472;1.0;-0.08;-0.601;1.0;-0.097;-0.527;1.0;-0.95;0.95;-0.958;0.958;-0.821;-0.042;1.0;-0.228;-0.251;1.0;-0.21;-0.271;1.0;-0.106;-0.494;1.0;-0.64;-0.072;1.0;-0.646;-0.071;1.0;-0.86;-0.036;1.0;-0.078;-0.61;1.0;-0.093;-0.544;1.0;-0.793;-0.046;1.0;-0.102;-0.507;1.0;-0.7;-0.062;1.0;-0.171;-0.329;1.0;-0.104;-0.502;1.0;-0.076;-0.621;1.0;0.053;-0.001;0.05;-0.305;-0.028;-0.054;0.009;0.046;0.013;0.053;-0.018;0.002;0.026;-0.009;0.006;0.048;-0.054;0.052;-0.013;0.009;0.004;0.029;0.012;0.012;-0.011;-0.024;-0.05;-0.006;-0.005;0.065;-0.048;-0.033;0.033;0.015;-0.017;0.0;0.009;-0.007;-0.014
static__InfectionSuspected_False;-0.091;-0.085;0.029;-0.089;-0.004;-0.022;-0.048;-0.009;0.09;-0.048;0.164;0.145;0.197;-0.166;-0.078;0.745;-0.572;-0.078;0.578;-0.468;-0.078;0.809;-0.597;-0.078;0.703;-0.552;-0.078;0.082;-0.082;0.082;-0.082;0.079;-0.022;-0.078;0.308;-0.269;-0.078;0.336;-0.293;-0.078;0.605;-0.483;-0.078;0.122;-0.088;-0.078;0.121;-0.087;-0.078;0.091;-0.044;-0.078;1.0;-0.742;-0.078;0.741;-0.576;-0.078;0.099;-0.057;-0.078;0.595;-0.469;-0.078;0.112;-0.075;-0.078;0.321;-0.269;-0.078;0.637;-0.508;-0.078;0.963;-0.703;-0.078;-0.012;0.006;-0.0;0.024;-0.024;-0.006;-0.287;-0.307;-0.134;0.049;0.03;0.012;-0.005;0.015;-0.235;-0.014;-0.006;0.032;0.032;-0.007;0.008;0.0;-0.039;0.125;0.0;-0.001;-0.009;-0.028;-0.067;-0.053;-0.011;0.058;0.03;0.091;-0.011;0.016;0.002;-0.009;-0.017
static__InfectionSuspected_True;0.095;0.121;0.008;0.106;-0.049;0.048;0.05;-0.038;-0.107;0.065;-0.138;-0.179;0.069;0.244;-0.61;-0.531;0.828;-0.61;-0.384;0.689;-0.61;-0.589;0.878;-0.61;-0.493;0.793;-0.61;0.573;-0.573;0.579;-0.579;0.49;0.045;-0.61;-0.092;0.382;-0.61;-0.125;0.415;-0.61;-0.409;0.716;-0.61;0.333;0.119;-0.61;0.338;0.117;-0.61;0.506;0.059;-0.61;-0.742;1.0;-0.61;-0.526;0.823;-0.61;0.454;0.076;-0.61;-0.404;0.713;-0.61;0.381;0.101;-0.61;-0.14;0.436;-0.61;-0.437;0.741;-0.61;-0.714;0.977;-0.61;-0.026;-0.004;-0.033;0.186;0.038;0.042;0.222;0.213;0.098;-0.075;-0.012;-0.011;-0.013;-0.005;0.182;-0.021;0.042;-0.06;-0.017;-0.001;-0.009;-0.02;0.023;-0.108;0.007;0.017;0.04;0.026;0.056;-0.002;0.041;-0.024;-0.046;-0.082;0.02;-0.013;-0.007;0.012;0.024
static__InfectionSuspected_other;-0.034;-0.079;-0.046;-0.053;0.077;-0.045;-0.018;0.068;0.052;-0.04;0.011;0.095;-0.336;-0.167;1.0;-0.09;-0.556;1.0;-0.112;-0.472;1.0;-0.08;-0.601;1.0;-0.097;-0.527;1.0;-0.95;0.95;-0.958;0.958;-0.821;-0.042;1.0;-0.228;-0.251;1.0;-0.21;-0.271;1.0;-0.106;-0.494;1.0;-0.64;-0.072;1.0;-0.646;-0.071;1.0;-0.86;-0.036;1.0;-0.078;-0.61;1.0;-0.093;-0.544;1.0;-0.793;-0.046;1.0;-0.102;-0.507;1.0;-0.7;-0.062;1.0;-0.171;-0.329;1.0;-0.104;-0.502;1.0;-0.076;-0.621;1.0;0.053;-0.001;0.05;-0.305;-0.028;-0.054;0.009;0.046;0.013;0.053;-0.018;0.002;0.026;-0.009;0.006;0.048;-0.054;0.052;-0.013;0.009;0.004;0.029;0.012;0.012;-0.011;-0.024;-0.05;-0.006;-0.005;0.065;-0.048;-0.033;0.033;0.015;-0.017;0.0;0.009;-0.007;-0.014
static__Infusion_False;-0.066;-0.088;-0.02;-0.058;-0.019;0.014;-0.036;-0.02;0.126;-0.032;0.236;0.091;0.174;-0.134;-0.093;0.626;-0.464;-0.093;0.525;-0.413;-0.093;0.693;-0.494;-0.093;0.639;-0.489;-0.093;0.098;-0.098;0.097;-0.097;0.091;-0.021;-0.093;0.284;-0.238;-0.093;0.312;-0.262;-0.093;0.545;-0.422;-0.093;0.139;-0.096;-0.093;0.144;-0.103;-0.093;0.08;0.004;-0.093;0.741;-0.526;-0.093;1.0;-0.785;-0.093;0.117;-0.067;-0.093;0.485;-0.365;-0.093;0.101;-0.045;-0.093;0.308;-0.249;-0.093;0.519;-0.396;-0.093;0.758;-0.532;-0.093;-0.014;0.008;0.009;0.028;-0.024;-0.007;-0.274;-0.392;-0.133;0.038;0.03;0.022;-0.002;0.009;-0.266;-0.015;-0.007;0.045;0.035;-0.015;-0.001;-0.007;-0.024;0.123;-0.018;0.006;0.002;-0.024;-0.053;-0.068;-0.028;0.074;0.014;0.104;-0.03;0.009;0.016;-0.01;0.077
static__Infusion_True;0.077;0.123;0.046;0.082;-0.032;0.016;0.041;-0.026;-0.139;0.052;-0.205;-0.136;0.062;0.217;-0.544;-0.471;0.736;-0.544;-0.373;0.642;-0.544;-0.534;0.79;-0.544;-0.478;0.74;-0.544;0.509;-0.509;0.514;-0.514;0.435;0.044;-0.544;-0.098;0.356;-0.544;-0.132;0.39;-0.544;-0.394;0.663;-0.544;0.281;0.126;-0.544;0.281;0.131;-0.544;0.468;0.019;-0.544;-0.576;0.823;-0.544;-0.785;1.0;-0.544;0.394;0.085;-0.544;-0.345;0.623;-0.544;0.35;0.076;-0.544;-0.153;0.415;-0.544;-0.373;0.646;-0.544;-0.591;0.835;-0.544;-0.021;-0.006;-0.039;0.166;0.038;0.04;0.226;0.302;0.104;-0.065;-0.014;-0.02;-0.015;-0.002;0.22;-0.017;0.04;-0.07;-0.021;0.007;-0.002;-0.012;0.013;-0.111;0.022;0.01;0.029;0.024;0.048;0.017;0.054;-0.042;-0.032;-0.097;0.036;-0.008;-0.019;0.013;-0.056
static__Infusion_other;-0.034;-0.079;-0.046;-0.053;0.077;-0.045;-0.018;0.068;0.052;-0.04;0.011;0.095;-0.336;-0.167;1.0;-0.09;-0.556;1.0;-0.112;-0.472;1.0;-0.08;-0.601;1.0;-0.097;-0.527;1.0;-0.95;0.95;-0.958;0.958;-0.821;-0.042;1.0;-0.228;-0.251;1.0;-0.21;-0.271;1.0;-0.106;-0.494;1.0;-0.64;-0.072;1.0;-0.646;-0.071;1.0;-0.86;-0.036;1.0;-0.078;-0.61;1.0;-0.093;-0.544;1.0;-0.793;-0.046;1.0;-0.102;-0.507;1.0;-0.7;-0.062;1.0;-0.171;-0.329;1.0;-0.104;-0.502;1.0;-0.076;-0.621;1.0;0.053;-0.001;0.05;-0.305;-0.028;-0.054;0.009;0.046;0.013;0.053;-0.018;0.002;0.026;-0.009;0.006;0.048;-0.054;0.052;-0.013;0.009;0.004;0.029;0.012;0.012;-0.011;-0.024;-0.05;-0.006;-0.005;0.065;-0.048;-0.033;0.033;0.015;-0.017;0.0;0.009;-0.007;-0.014
static__Oligurie_False;0.046;0.038;0.058;0.076;-0.198;0.064;0.0;-0.042;-0.027;0.05;0.003;-0.047;0.326;0.07;-0.793;0.114;0.405;-0.793;0.099;0.365;-0.793;0.101;0.446;-0.793;0.123;0.379;-0.793;0.75;-0.75;0.757;-0.757;0.64;0.053;-0.793;0.218;0.161;-0.793;0.19;0.192;-0.793;0.12;0.36;-0.793;0.74;-0.245;-0.793;0.711;-0.203;-0.793;0.754;-0.113;-0.793;0.099;0.454;-0.793;0.117;0.394;-0.793;1.0;-0.572;-0.793;0.098;0.387;-0.793;0.64;-0.071;-0.793;0.203;0.197;-0.793;0.131;0.356;-0.793;0.096;0.464;-0.793;-0.158;0.019;-0.057;0.242;0.015;0.037;-0.035;-0.063;-0.105;-0.058;0.032;-0.0;-0.017;0.012;-0.014;-0.077;0.037;-0.023;0.029;0.017;-0.015;-0.025;0.014;0.002;-0.016;-0.011;0.054;0.02;-0.004;-0.096;0.037;0.013;-0.012;-0.045;0.025;0.011;-0.121;0.009;0.018
static__Oligurie_True;-0.029;0.044;-0.033;-0.053;0.22;-0.045;0.024;-0.022;-0.026;-0.029;-0.02;-0.051;-0.082;0.11;-0.046;-0.065;0.084;-0.046;-0.012;0.037;-0.046;-0.058;0.077;-0.046;-0.07;0.088;-0.046;0.049;-0.049;0.049;-0.049;0.057;-0.03;-0.046;-0.052;0.073;-0.046;-0.028;0.049;-0.046;-0.054;0.074;-0.046;-0.352;0.499;-0.046;-0.295;0.428;-0.046;-0.079;0.234;-0.046;-0.057;0.076;-0.046;-0.067;0.085;-0.046;-0.572;1.0;-0.046;-0.023;0.048;-0.046;-0.108;0.2;-0.046;-0.102;0.121;-0.046;-0.075;0.093;-0.046;-0.055;0.075;-0.046;0.188;-0.03;0.026;0.014;0.013;0.012;0.046;0.042;0.154;0.024;-0.029;-0.003;-0.008;-0.007;0.014;0.062;0.012;-0.032;-0.03;-0.041;0.018;0.002;-0.039;-0.019;0.042;0.051;-0.021;-0.025;0.014;0.068;0.004;0.023;-0.024;0.054;-0.018;-0.019;0.186;-0.005;-0.01
static__Oligurie_other;-0.034;-0.079;-0.046;-0.053;0.077;-0.045;-0.018;0.068;0.052;-0.04;0.011;0.095;-0.336;-0.167;1.0;-0.09;-0.556;1.0;-0.112;-0.472;1.0;-0.08;-0.601;1.0;-0.097;-0.527;1.0;-0.95;0.95;-0.958;0.958;-0.821;-0.042;1.0;-0.228;-0.251;1.0;-0.21;-0.271;1.0;-0.106;-0.494;1.0;-0.64;-0.072;1.0;-0.646;-0.071;1.0;-0.86;-0.036;1.0;-0.078;-0.61;1.0;-0.093;-0.544;1.0;-0.793;-0.046;1.0;-0.102;-0.507;1.0;-0.7;-0.062;1.0;-0.171;-0.329;1.0;-0.104;-0.502;1.0;-0.076;-0.621;1.0;0.053;-0.001;0.05;-0.305;-0.028;-0.054;0.009;0.046;0.013;0.053;-0.018;0.002;0.026;-0.009;0.006;0.048;-0.054;0.052;-0.013;0.009;0.004;0.029;0.012;0.012;-0.011;-0.024;-0.05;-0.006;-0.005;0.065;-0.048;-0.033;0.033;0.015;-0.017;0.0;0.009;-0.007;-0.014
static__SIRSCritHeartRate_False;-0.085;-0.059;-0.035;-0.035;-0.007;-0.031;0.01;-0.024;0.077;0.059;0.117;0.087;0.197;-0.153;-0.102;0.493;-0.347;-0.102;0.416;-0.311;-0.102;0.546;-0.37;-0.102;0.447;-0.319;-0.102;0.108;-0.108;0.095;-0.095;0.125;-0.067;-0.102;0.223;-0.172;-0.102;0.227;-0.175;-0.102;0.418;-0.305;-0.102;0.145;-0.096;-0.102;0.143;-0.094;-0.102;0.119;-0.057;-0.102;0.595;-0.404;-0.102;0.485;-0.345;-0.102;0.098;-0.023;-0.102;1.0;-0.806;-0.102;0.119;-0.06;-0.102;0.145;-0.088;-0.102;0.38;-0.269;-0.102;0.616;-0.414;-0.102;-0.024;0.001;-0.007;0.031;-0.014;-0.004;-0.19;-0.192;-0.081;0.029;0.021;0.004;-0.01;0.006;-0.174;-0.012;-0.004;0.011;0.02;-0.045;-0.007;-0.004;-0.039;0.056;0.015;0.049;0.036;-0.036;-0.044;-0.035;0.067;0.013;0.028;0.079;0.0;0.018;-0.016;-0.011;-0.023
static__SIRSCritHeartRate_True;0.094;0.098;0.058;0.062;-0.04;0.054;0.002;-0.02;-0.098;-0.027;-0.108;-0.132;0.029;0.233;-0.507;-0.374;0.632;-0.507;-0.294;0.551;-0.507;-0.425;0.678;-0.507;-0.329;0.59;-0.507;0.472;-0.472;0.489;-0.489;0.381;0.083;-0.507;-0.057;0.299;-0.507;-0.072;0.313;-0.507;-0.299;0.559;-0.507;0.255;0.126;-0.507;0.261;0.124;-0.507;0.409;0.071;-0.507;-0.469;0.713;-0.507;-0.365;0.623;-0.507;0.387;0.048;-0.507;-0.806;1.0;-0.507;0.313;0.089;-0.507;-0.023;0.272;-0.507;-0.267;0.532;-0.507;-0.488;0.729;-0.507;-0.011;-0.0;-0.023;0.154;0.029;0.036;0.159;0.139;0.063;-0.057;-0.008;-0.005;-0.006;0.0;0.147;-0.018;0.036;-0.04;-0.01;0.034;0.003;-0.013;0.027;-0.055;-0.007;-0.028;-0.001;0.035;0.041;-0.009;-0.03;0.008;-0.044;-0.077;0.01;-0.015;0.009;0.014;0.028
static__SIRSCritHeartRate_other;-0.034;-0.079;-0.046;-0.053;0.077;-0.045;-0.018;0.068;0.052;-0.04;0.011;0.095;-0.336;-0.167;1.0;-0.09;-0.556;1.0;-0.112;-0.472;1.0;-0.08;-0.601;1.0;-0.097;-0.527;1.0;-0.95;0.95;-0.958;0.958;-0.821;-0.042;1.0;-0.228;-0.251;1.0;-0.21;-0.271;1.0;-0.106;-0.494;1.0;-0.64;-0.072;1.0;-0.646;-0.071;1.0;-0.86;-0.036;1.0;-0.078;-0.61;1.0;-0.093;-0.544;1.0;-0.793;-0.046;1.0;-0.102;-0.507;1.0;-0.7;-0.062;1.0;-0.171;-0.329;1.0;-0.104;-0.502;1.0;-0.076;-0.621;1.0;0.053;-0.001;0.05;-0.305;-0.028;-0.054;0.009;0.046;0.013;0.053;-0.018;0.002;0.026;-0.009;0.006;0.048;-0.054;0.052;-0.013;0.009;0.004;0.029;0.012;0.012;-0.011;-0.024;-0.05;-0.006;-0.005;0.065;-0.048;-0.033;0.033;0.015;-0.017;0.0;0.009;-0.007;-0.014
static__SIRSCritLeucos_False;0.006;0.038;0.066;0.039;-0.097;0.035;0.041;-0.029;-0.044;0.032;0.011;-0.05;0.372;-0.026;-0.7;0.101;0.357;-0.7;0.151;0.266;-0.7;0.115;0.373;-0.7;0.122;0.322;-0.7;0.66;-0.66;0.666;-0.666;0.576;0.027;-0.7;0.192;0.142;-0.7;0.197;0.141;-0.7;0.142;0.286;-0.7;0.589;-0.132;-0.7;0.572;-0.107;-0.7;0.64;-0.05;-0.7;0.112;0.381;-0.7;0.101;0.35;-0.7;0.64;-0.108;-0.7;0.119;0.313;-0.7;1.0;-0.67;-0.7;0.196;0.157;-0.7;0.079;0.346;-0.7;0.109;0.391;-0.7;-0.097;0.005;-0.068;0.213;0.014;0.027;-0.037;-0.075;-0.069;-0.062;0.027;0.009;-0.026;0.013;-0.038;-0.074;0.027;-0.029;0.025;-0.015;0.016;-0.003;-0.015;0.009;-0.008;0.024;0.034;0.011;-0.002;-0.08;0.021;0.021;-0.002;0.008;0.013;-0.057;-0.054;0.01;0.021
static__SIRSCritLeucos_True;0.026;0.029;-0.044;0.001;0.055;-0.002;-0.038;-0.03;0.007;-0.003;-0.026;-0.029;-0.171;0.21;-0.062;-0.047;0.078;-0.062;-0.095;0.12;-0.062;-0.077;0.103;-0.062;-0.07;0.097;-0.062;0.065;-0.065;0.064;-0.064;0.049;0.005;-0.062;-0.032;0.061;-0.062;-0.056;0.085;-0.062;-0.088;0.113;-0.062;-0.157;0.26;-0.062;-0.127;0.223;-0.062;-0.001;0.108;-0.062;-0.075;0.101;-0.062;-0.045;0.076;-0.062;-0.071;0.2;-0.062;-0.06;0.089;-0.062;-0.67;1.0;-0.062;-0.096;0.123;-0.062;-0.002;0.038;-0.062;-0.073;0.099;-0.062;0.081;-0.006;0.042;0.019;0.01;0.019;0.043;0.057;0.083;0.031;-0.019;-0.015;0.009;-0.009;0.047;0.054;0.019;-0.012;-0.022;0.011;-0.026;-0.026;0.009;-0.025;0.022;-0.009;0.004;-0.008;0.009;0.043;0.02;0.004;-0.031;-0.026;0.0;0.079;0.067;-0.007;-0.014
static__SIRSCritLeucos_other;-0.034;-0.079;-0.046;-0.053;0.077;-0.045;-0.018;0.068;0.052;-0.04;0.011;0.095;-0.336;-0.167;1.0;-0.09;-0.556;1.0;-0.112;-0.472;1.0;-0.08;-0.601;1.0;-0.097;-0.527;1.0;-0.95;0.95;-0.958;0.958;-0.821;-0.042;1.0;-0.228;-0.251;1.0;-0.21;-0.271;1.0;-0.106;-0.494;1.0;-0.64;-0.072;1.0;-0.646;-0.071;1.0;-0.86;-0.036;1.0;-0.078;-0.61;1.0;-0.093;-0.544;1.0;-0.793;-0.046;1.0;-0.102;-0.507;1.0;-0.7;-0.062;1.0;-0.171;-0.329;1.0;-0.104;-0.502;1.0;-0.076;-0.621;1.0;0.053;-0.001;0.05;-0.305;-0.028;-0.054;0.009;0.046;0.013;0.053;-0.018;0.002;0.026;-0.009;0.006;0.048;-0.054;0.052;-0.013;0.009;0.004;0.029;0.012;0.012;-0.011;-0.024;-0.05;-0.006;-0.005;0.065;-0.048;-0.033;0.033;0.015;-0.017;0.0;0.009;-0.007;-0.014
static__SIRSCritTachypnea_False;-0.073;0.042;-0.036;-0.042;-0.047;-0.07;-0.028;-0.032;0.052;-0.004;0.011;0.107;0.284;-0.209;-0.171;0.254;-0.105;-0.171;0.308;-0.175;-0.171;0.277;-0.109;-0.171;0.275;-0.131;-0.171;0.172;-0.172;0.178;-0.178;0.136;0.016;-0.171;0.143;-0.06;-0.171;0.126;-0.043;-0.171;0.308;-0.169;-0.171;0.232;-0.147;-0.171;0.184;-0.084;-0.171;0.199;-0.095;-0.171;0.321;-0.14;-0.171;0.308;-0.153;-0.171;0.203;-0.102;-0.171;0.145;-0.023;-0.171;0.196;-0.096;-0.171;1.0;-0.874;-0.171;0.111;0.005;-0.171;0.333;-0.145;-0.171;-0.088;-0.015;-0.055;0.052;-0.002;0.002;-0.139;-0.169;-0.118;-0.029;0.037;-0.004;0.0;0.002;-0.115;-0.067;0.002;0.037;0.034;-0.068;-0.003;0.018;-0.014;0.013;-0.055;-0.002;-0.004;-0.027;-0.027;-0.068;-0.033;0.065;0.074;0.061;0.003;-0.025;-0.062;-0.019;-0.038
static__SIRSCritTachypnea_True;0.087;-0.001;0.057;0.067;0.007;0.089;0.036;-0.003;-0.076;0.024;-0.016;-0.15;-0.107;0.283;-0.329;-0.199;0.374;-0.329;-0.239;0.401;-0.329;-0.226;0.4;-0.329;-0.216;0.385;-0.329;0.303;-0.303;0.301;-0.301;0.275;0.005;-0.329;-0.025;0.181;-0.329;-0.017;0.174;-0.329;-0.243;0.406;-0.329;0.093;0.176;-0.329;0.142;0.115;-0.329;0.233;0.109;-0.329;-0.269;0.436;-0.329;-0.249;0.415;-0.329;0.197;0.121;-0.329;-0.088;0.272;-0.329;0.157;0.123;-0.329;-0.874;1.0;-0.329;-0.055;0.243;-0.329;-0.282;0.446;-0.329;0.059;0.015;0.028;0.1;0.016;0.025;0.128;0.14;0.107;0.002;-0.027;0.003;-0.013;0.003;0.108;0.041;0.025;-0.061;-0.026;0.061;0.001;-0.032;0.008;-0.019;0.058;0.014;0.028;0.029;0.028;0.033;0.056;-0.046;-0.087;-0.066;0.005;0.023;0.055;0.022;0.044
static__SIRSCritTachypnea_other;-0.034;-0.079;-0.046;-0.053;0.077;-0.045;-0.018;0.068;0.052;-0.04;0.011;0.095;-0.336;-0.167;1.0;-0.09;-0.556;1.0;-0.112;-0.472;1.0;-0.08;-0.601;1.0;-0.097;-0.527;1.0;-0.95;0.95;-0.958;0.958;-0.821;-0.042;1.0;-0.228;-0.251;1.0;-0.21;-0.271;1.0;-0.106;-0.494;1.0;-0.64;-0.072;1.0;-0.646;-0.071;1.0;-0.86;-0.036;1.0;-0.078;-0.61;1.0;-0.093;-0.544;1.0;-0.793;-0.046;1.0;-0.102;-0.507;1.0;-0.7;-0.062;1.0;-0.171;-0.329;1.0;-0.104;-0.502;1.0;-0.076;-0.621;1.0;0.053;-0.001;0.05;-0.305;-0.028;-0.054;0.009;0.046;0.013;0.053;-0.018;0.002;0.026;-0.009;0.006;0.048;-0.054;0.052;-0.013;0.009;0.004;0.029;0.012;0.012;-0.011;-0.024;-0.05;-0.006;-0.005;0.065;-0.048;-0.033;0.033;0.015;-0.017;0.0;0.009;-0.007;-0.014
static__SIRSCritTemperature_False;-0.033;-0.085;0.08;-0.047;-0.027;0.061;-0.064;0.015;0.075;-0.028;0.167;0.036;0.13;-0.082;-0.104;0.54;-0.386;-0.104;0.409;-0.303;-0.104;0.57;-0.388;-0.104;0.533;-0.392;-0.104;0.109;-0.109;0.089;-0.089;0.113;-0.044;-0.104;0.258;-0.207;-0.104;0.273;-0.22;-0.104;0.425;-0.311;-0.104;0.103;-0.04;-0.104;0.122;-0.064;-0.104;0.113;-0.043;-0.104;0.637;-0.437;-0.104;0.519;-0.373;-0.104;0.131;-0.075;-0.104;0.38;-0.267;-0.104;0.079;-0.002;-0.104;0.111;-0.055;-0.104;1.0;-0.808;-0.104;0.622;-0.419;-0.104;0.004;0.025;0.025;0.032;-0.024;-0.005;-0.186;-0.205;-0.088;0.066;0.005;0.016;0.002;0.02;-0.145;0.016;-0.005;0.016;0.013;0.078;-0.01;-0.038;-0.01;0.119;-0.016;-0.023;-0.023;0.008;-0.034;-0.071;-0.02;0.031;0.004;0.061;-0.024;0.014;0.051;-0.012;-0.023
static__SIRSCritTemperature_True;0.049;0.121;-0.043;0.072;-0.023;-0.026;0.066;-0.053;-0.096;0.048;-0.152;-0.088;0.086;0.171;-0.502;-0.417;0.664;-0.502;-0.289;0.544;-0.502;-0.448;0.693;-0.502;-0.406;0.653;-0.502;0.467;-0.467;0.49;-0.49;0.388;0.063;-0.502;-0.09;0.329;-0.502;-0.113;0.351;-0.502;-0.307;0.563;-0.502;0.289;0.078;-0.502;0.277;0.098;-0.502;0.411;0.059;-0.502;-0.508;0.741;-0.502;-0.396;0.646;-0.502;0.356;0.093;-0.502;-0.269;0.532;-0.502;0.346;0.038;-0.502;0.005;0.243;-0.502;-0.808;1.0;-0.502;-0.496;0.732;-0.502;-0.035;-0.021;-0.052;0.153;0.037;0.037;0.156;0.151;0.069;-0.089;0.006;-0.015;-0.017;-0.012;0.122;-0.042;0.037;-0.045;-0.003;-0.073;0.006;0.016;0.002;-0.11;0.02;0.035;0.049;-0.003;0.033;0.023;0.046;-0.007;-0.022;-0.061;0.031;-0.012;-0.05;0.014;0.029
static__SIRSCritTemperature_other;-0.034;-0.079;-0.046;-0.053;0.077;-0.045;-0.018;0.068;0.052;-0.04;0.011;0.095;-0.336;-0.167;1.0;-0.09;-0.556;1.0;-0.112;-0.472;1.0;-0.08;-0.601;1.0;-0.097;-0.527;1.0;-0.95;0.95;-0.958;0.958;-0.821;-0.042;1.0;-0.228;-0.251;1.0;-0.21;-0.271;1.0;-0.106;-0.494;1.0;-0.64;-0.072;1.0;-0.646;-0.071;1.0;-0.86;-0.036;1.0;-0.078;-0.61;1.0;-0.093;-0.544;1.0;-0.793;-0.046;1.0;-0.102;-0.507;1.0;-0.7;-0.062;1.0;-0.171;-0.329;1.0;-0.104;-0.502;1.0;-0.076;-0.621;1.0;0.053;-0.001;0.05;-0.305;-0.028;-0.054;0.009;0.046;0.013;0.053;-0.018;0.002;0.026;-0.009;0.006;0.048;-0.054;0.052;-0.013;0.009;0.004;0.029;0.012;0.012;-0.011;-0.024;-0.05;-0.006;-0.005;0.065;-0.048;-0.033;0.033;0.015;-0.017;0.0;0.009;-0.007;-0.014
static__SIRSCriteria2OrMore_False;-0.087;-0.081;-0.027;-0.086;0.001;-0.039;-0.047;-0.007;0.094;-0.047;0.17;0.161;0.2;-0.17;-0.076;0.719;-0.552;-0.076;0.606;-0.494;-0.076;0.816;-0.604;-0.076;0.697;-0.548;-0.076;0.08;-0.08;0.079;-0.079;0.093;-0.05;-0.076;0.292;-0.254;-0.076;0.319;-0.278;-0.076;0.626;-0.502;-0.076;0.119;-0.086;-0.076;0.118;-0.084;-0.076;0.089;-0.042;-0.076;0.963;-0.714;-0.076;0.758;-0.591;-0.076;0.096;-0.055;-0.076;0.616;-0.488;-0.076;0.109;-0.073;-0.076;0.333;-0.282;-0.076;0.622;-0.496;-0.076;1.0;-0.734;-0.076;-0.007;0.005;-0.004;0.023;-0.025;-0.008;-0.292;-0.315;-0.131;0.046;0.031;0.008;-0.004;0.016;-0.242;-0.016;-0.008;0.036;0.033;-0.021;0.013;0.003;-0.039;0.13;-0.024;0.003;-0.014;-0.027;-0.061;-0.051;-0.009;0.062;0.033;0.095;-0.009;0.018;0.005;-0.008;-0.017
static__SIRSCriteria2OrMore_True;0.092;0.117;0.053;0.104;-0.053;0.061;0.049;-0.041;-0.11;0.064;-0.141;-0.191;0.072;0.247;-0.621;-0.504;0.812;-0.621;-0.4;0.71;-0.621;-0.587;0.884;-0.621;-0.481;0.79;-0.621;0.584;-0.584;0.59;-0.59;0.487;0.068;-0.621;-0.075;0.37;-0.621;-0.108;0.403;-0.621;-0.42;0.731;-0.621;0.342;0.117;-0.621;0.348;0.115;-0.621;0.516;0.058;-0.621;-0.703;0.977;-0.621;-0.532;0.835;-0.621;0.464;0.075;-0.621;-0.414;0.729;-0.621;0.391;0.099;-0.621;-0.145;0.446;-0.621;-0.419;0.732;-0.621;-0.734;1.0;-0.621;-0.03;-0.003;-0.031;0.189;0.038;0.043;0.223;0.216;0.095;-0.072;-0.012;-0.008;-0.014;-0.006;0.186;-0.02;0.043;-0.063;-0.017;0.01;-0.013;-0.022;0.023;-0.11;0.026;0.014;0.045;0.025;0.052;-0.004;0.039;-0.026;-0.048;-0.085;0.019;-0.014;-0.01;0.012;0.023
static__SIRSCriteria2OrMore_other;-0.034;-0.079;-0.046;-0.053;0.077;-0.045;-0.018;0.068;0.052;-0.04;0.011;0.095;-0.336;-0.167;1.0;-0.09;-0.556;1.0;-0.112;-0.472;1.0;-0.08;-0.601;1.0;-0.097;-0.527;1.0;-0.95;0.95;-0.958;0.958;-0.821;-0.042;1.0;-0.228;-0.251;1.0;-0.21;-0.271;1.0;-0.106;-0.494;1.0;-0.64;-0.072;1.0;-0.646;-0.071;1.0;-0.86;-0.036;1.0;-0.078;-0.61;1.0;-0.093;-0.544;1.0;-0.793;-0.046;1.0;-0.102;-0.507;1.0;-0.7;-0.062;1.0;-0.171;-0.329;1.0;-0.104;-0.502;1.0;-0.076;-0.621;1.0;0.053;-0.001;0.05;-0.305;-0.028;-0.054;0.009;0.046;0.013;0.053;-0.018;0.002;0.026;-0.009;0.006;0.048;-0.054;0.052;-0.013;0.009;0.004;0.029;0.012;0.012;-0.011;-0.024;-0.05;-0.006;-0.005;0.065;-0.048;-0.033;0.033;0.015;-0.017;0.0;0.009;-0.007;-0.014
agg__concept:name_Admission IC;0.014;-0.091;-0.048;-0.067;0.46;0.009;-0.049;-0.039;-0.045;-0.049;-0.034;-0.066;-0.092;0.069;0.053;0.044;-0.07;0.053;-0.028;-0.005;0.053;0.024;-0.054;0.053;0.026;-0.054;0.053;-0.052;0.052;-0.044;0.044;-0.028;-0.029;0.053;-0.02;-0.005;0.053;-0.023;-0.003;0.053;-0.011;-0.021;0.053;-0.235;0.257;0.053;-0.238;0.264;0.053;-0.088;0.082;0.053;-0.012;-0.026;0.053;-0.014;-0.021;0.053;-0.158;0.188;0.053;-0.024;-0.011;0.053;-0.097;0.081;0.053;-0.088;0.059;0.053;0.004;-0.035;0.053;-0.007;-0.03;0.053;1.0;-0.008;0.3;0.024;0.135;0.095;0.229;0.159;0.616;0.275;-0.035;0.009;-0.013;-0.003;0.165;0.409;0.095;-0.056;-0.034;0.03;-0.019;0.004;-0.019;0.205;0.071;0.056;-0.014;0.006;-0.001;0.664;-0.024;-0.046;0.056;0.07;-0.031;0.006;0.66;-0.009;-0.018
agg__concept:name_Admission NC;0.002;0.029;0.047;0.012;-0.158;-0.036;-0.013;0.025;0.036;-0.003;0.008;0.038;-0.007;0.007;-0.001;-0.021;0.018;-0.001;0.015;-0.013;-0.001;-0.011;0.01;-0.001;-0.003;0.003;-0.001;0.005;-0.005;0.003;-0.003;-0.0;0.002;-0.001;0.006;-0.006;-0.001;0.007;-0.006;-0.001;0.006;-0.005;-0.001;0.054;-0.069;-0.001;0.056;-0.072;-0.001;0.013;-0.025;-0.001;0.006;-0.004;-0.001;0.008;-0.006;-0.001;0.019;-0.03;-0.001;0.001;-0.0;-0.001;0.005;-0.006;-0.001;-0.015;0.015;-0.001;0.025;-0.021;-0.001;0.005;-0.003;-0.001;-0.008;1.0;0.615;0.059;0.349;0.23;0.561;0.392;0.266;0.599;0.24;0.052;0.05;0.045;0.471;0.591;0.23;0.196;0.256;0.375;0.484;0.2;0.327;0.072;0.126;0.009;0.218;0.235;0.368;0.042;0.228;0.218;0.148;0.196;0.128;0.161;-0.03;0.1;-0.0
agg__concept:name_CRP;-0.005;-0.034;0.032;-0.034;0.054;-0.044;-0.037;0.042;0.074;-0.028;0.0;0.019;-0.047;0.023;0.05;0.006;-0.036;0.05;-0.008;-0.021;0.05;0.008;-0.04;0.05;0.016;-0.044;0.05;-0.044;0.044;-0.046;0.046;-0.044;0.003;0.05;-0.015;-0.009;0.05;-0.009;-0.015;0.05;-0.001;-0.029;0.05;-0.058;0.03;0.05;-0.064;0.037;0.05;-0.042;-0.004;0.05;-0.0;-0.033;0.05;0.009;-0.039;0.05;-0.057;0.026;0.05;-0.007;-0.023;0.05;-0.068;0.042;0.05;-0.055;0.028;0.05;0.025;-0.052;0.05;-0.004;-0.031;0.05;0.3;0.615;1.0;0.052;0.426;0.304;0.541;0.402;0.556;0.869;0.187;0.038;0.063;0.059;0.489;0.948;0.304;0.24;0.206;0.284;0.206;0.083;0.168;0.073;0.068;0.009;0.157;0.092;0.261;0.209;0.178;0.137;0.079;0.139;0.063;0.054;0.212;0.025;0.038
agg__concept:name_ER Registration;0.015;0.028;0.014;0.014;-0.02;0.014;-0.003;-0.01;-0.022;0.012;-0.002;-0.033;0.102;0.051;-0.305;0.027;0.169;-0.305;0.034;0.144;-0.305;0.024;0.183;-0.305;0.03;0.161;-0.305;0.289;-0.289;0.292;-0.292;0.25;0.013;-0.305;0.069;0.076;-0.305;0.064;0.082;-0.305;0.032;0.151;-0.305;0.195;0.022;-0.305;0.197;0.022;-0.305;0.262;0.011;-0.305;0.024;0.186;-0.305;0.028;0.166;-0.305;0.242;0.014;-0.305;0.031;0.154;-0.305;0.213;0.019;-0.305;0.052;0.1;-0.305;0.032;0.153;-0.305;0.023;0.189;-0.305;0.024;0.059;0.052;1.0;0.146;0.221;0.076;0.055;0.068;0.051;0.018;0.005;0.003;0.003;0.146;0.062;0.221;0.014;0.019;0.025;0.024;0.011;0.018;0.008;0.008;0.015;0.015;0.011;0.024;0.017;0.015;0.012;0.01;0.011;0.008;0.008;0.016;0.002;0.004
agg__concept:name_ER Sepsis Triage;0.0;0.008;0.009;-0.019;0.023;-0.011;-0.011;0.008;0.007;-0.008;-0.018;-0.001;0.008;0.006;-0.028;-0.013;0.029;-0.028;-0.012;0.027;-0.028;-0.016;0.032;-0.028;-0.013;0.028;-0.028;0.028;-0.028;0.024;-0.024;0.028;-0.007;-0.028;-0.013;0.027;-0.028;-0.013;0.026;-0.028;-0.008;0.023;-0.028;0.012;0.01;-0.028;-0.002;0.029;-0.028;0.024;0.002;-0.028;-0.024;0.038;-0.028;-0.024;0.038;-0.028;0.015;0.013;-0.028;-0.014;0.029;-0.028;0.014;0.01;-0.028;-0.002;0.016;-0.028;-0.024;0.037;-0.028;-0.025;0.038;-0.028;0.135;0.349;0.426;0.146;1.0;0.632;0.481;0.457;0.366;0.373;0.107;0.029;0.019;0.017;0.64;0.439;0.632;0.082;0.114;0.146;0.146;0.068;0.107;0.048;0.047;0.057;0.091;0.064;0.142;0.086;0.087;0.073;0.06;0.064;0.045;0.047;0.098;0.013;0.01
agg__concept:name_ER Triage;0.009;-0.006;0.013;-0.006;0.022;-0.007;-0.017;-0.003;0.008;0.006;-0.0;-0.009;0.018;0.01;-0.054;0.001;0.033;-0.054;-0.0;0.031;-0.054;-0.003;0.039;-0.054;-0.003;0.036;-0.054;0.051;-0.051;0.053;-0.053;0.042;0.006;-0.054;0.003;0.023;-0.054;0.001;0.025;-0.054;0.002;0.03;-0.054;0.032;0.008;-0.054;0.025;0.017;-0.054;0.047;0.001;-0.054;-0.006;0.042;-0.054;-0.007;0.04;-0.054;0.037;0.012;-0.054;-0.004;0.036;-0.054;0.027;0.019;-0.054;0.002;0.025;-0.054;-0.005;0.037;-0.054;-0.008;0.043;-0.054;0.095;0.23;0.304;0.221;0.632;1.0;0.311;0.3;0.272;0.259;0.071;0.019;0.012;0.011;0.415;0.313;1.0;0.053;0.075;0.096;0.095;0.044;0.07;0.031;0.03;0.045;0.069;0.041;0.092;0.067;0.057;0.047;0.039;0.041;0.029;0.031;0.064;0.008;0.006
agg__concept:name_IV Antibiotics;0.031;0.029;0.011;0.01;0.033;0.003;-0.007;0.001;-0.032;-0.001;-0.056;-0.047;-0.081;0.081;0.009;-0.22;0.178;0.009;-0.192;0.165;0.009;-0.258;0.201;0.009;-0.228;0.189;0.009;-0.007;0.007;-0.009;0.009;-0.018;0.018;0.009;-0.106;0.101;0.009;-0.107;0.101;0.009;-0.203;0.172;0.009;-0.049;0.055;0.009;-0.055;0.064;0.009;-0.017;0.018;0.009;-0.287;0.222;0.009;-0.274;0.226;0.009;-0.035;0.046;0.009;-0.19;0.159;0.009;-0.037;0.043;0.009;-0.139;0.128;0.009;-0.186;0.156;0.009;-0.292;0.223;0.009;0.229;0.561;0.541;0.076;0.481;0.311;1.0;0.718;0.501;0.506;0.16;0.034;0.027;0.021;0.784;0.581;0.311;0.086;0.168;0.247;0.242;0.112;0.196;-0.023;0.085;0.056;0.156;0.098;0.261;0.185;0.153;0.098;0.064;0.057;0.091;0.064;0.161;0.027;0.014
agg__concept:name_IV Liquid;0.043;0.022;0.017;0.012;0.058;-0.023;-0.006;0.009;-0.028;0.011;-0.09;-0.053;-0.092;0.072;0.046;-0.25;0.18;0.046;-0.219;0.168;0.046;-0.287;0.2;0.046;-0.277;0.208;0.046;-0.045;0.045;-0.049;0.049;-0.037;-0.003;0.046;-0.129;0.106;0.046;-0.135;0.111;0.046;-0.223;0.168;0.046;-0.077;0.058;0.046;-0.09;0.076;0.046;-0.044;0.006;0.046;-0.307;0.213;0.046;-0.392;0.302;0.046;-0.063;0.042;0.046;-0.192;0.139;0.046;-0.075;0.057;0.046;-0.169;0.14;0.046;-0.205;0.151;0.046;-0.315;0.216;0.046;0.159;0.392;0.402;0.055;0.457;0.3;0.718;1.0;0.42;0.378;0.114;0.022;0.024;0.009;0.771;0.446;0.3;0.073;0.119;0.18;0.167;0.078;0.147;-0.029;0.063;0.066;0.089;0.079;0.195;0.141;0.12;0.043;0.038;-0.004;0.06;0.059;0.103;0.026;-0.021
agg__concept:name_LacticAcid;0.017;-0.024;-0.01;-0.025;0.286;-0.012;-0.035;0.001;-0.04;-0.025;-0.059;-0.075;-0.1;0.098;0.013;-0.095;0.072;0.013;-0.109;0.09;0.013;-0.107;0.077;0.013;-0.119;0.094;0.013;-0.011;0.011;-0.012;0.012;-0.005;-0.01;0.013;-0.076;0.069;0.013;-0.084;0.077;0.013;-0.119;0.096;0.013;-0.154;0.189;0.013;-0.166;0.206;0.013;-0.049;0.074;0.013;-0.134;0.098;0.013;-0.133;0.104;0.013;-0.105;0.154;0.013;-0.081;0.063;0.013;-0.069;0.083;0.013;-0.118;0.107;0.013;-0.088;0.069;0.013;-0.131;0.095;0.013;0.616;0.266;0.556;0.068;0.366;0.272;0.501;0.42;1.0;0.513;0.049;0.024;0.005;0.004;0.456;0.723;0.272;0.022;0.054;0.116;0.103;0.048;0.099;0.063;0.071;0.025;0.084;0.062;0.137;0.425;0.048;0.022;0.013;0.062;0.04;0.039;0.441;0.005;-0.006
agg__concept:name_Leucocytes;-0.024;-0.037;0.048;-0.052;0.058;-0.057;-0.034;0.033;0.061;-0.035;-0.015;0.052;-0.026;-0.001;0.053;0.059;-0.083;0.053;0.038;-0.064;0.053;0.064;-0.087;0.053;0.057;-0.081;0.053;-0.05;0.05;-0.049;0.049;-0.037;-0.015;0.053;0.002;-0.028;0.053;0.015;-0.041;0.053;0.048;-0.073;0.053;-0.056;0.024;0.053;-0.059;0.028;0.053;-0.051;0.007;0.053;0.049;-0.075;0.053;0.038;-0.065;0.053;-0.058;0.024;0.053;0.029;-0.057;0.053;-0.062;0.031;0.053;-0.029;0.002;0.053;0.066;-0.089;0.053;0.046;-0.072;0.053;0.275;0.599;0.869;0.051;0.373;0.259;0.506;0.378;0.513;1.0;0.212;0.057;0.061;0.06;0.456;0.938;0.259;0.204;0.235;0.272;0.193;0.111;0.183;0.093;0.067;-0.0;0.12;0.122;0.234;0.185;0.161;0.121;0.13;0.147;0.058;0.06;0.194;0.029;0.024
agg__concept:name_Release A;0.001;0.005;-0.012;0.013;-0.042;0.018;0.02;-0.011;-0.024;0.009;0.013;0.004;0.024;-0.015;-0.018;0.017;-0.003;-0.018;0.022;-0.009;-0.018;0.021;-0.005;-0.018;0.017;-0.004;-0.018;0.016;-0.016;0.017;-0.017;0.015;-0.0;-0.018;0.017;-0.009;-0.018;0.019;-0.01;-0.018;0.023;-0.009;-0.018;0.041;-0.037;-0.018;0.044;-0.041;-0.018;0.022;-0.012;-0.018;0.03;-0.012;-0.018;0.03;-0.014;-0.018;0.032;-0.029;-0.018;0.021;-0.008;-0.018;0.027;-0.019;-0.018;0.037;-0.027;-0.018;0.005;0.006;-0.018;0.031;-0.012;-0.018;-0.035;0.24;0.187;0.018;0.107;0.071;0.16;0.114;0.049;0.212;1.0;-0.014;-0.009;-0.008;0.125;0.184;0.071;-0.011;0.935;0.113;0.068;0.074;0.101;0.011;0.021;0.028;0.1;0.036;0.116;-0.015;0.041;0.058;0.051;0.017;0.048;0.033;-0.035;-0.007;0.001
agg__concept:name_Release B;0.003;0.012;0.013;-0.002;0.0;-0.003;-0.01;0.004;-0.009;-0.0;0.007;-0.011;-0.007;0.006;0.002;0.024;-0.021;0.002;0.012;-0.012;0.002;0.01;-0.01;0.002;0.024;-0.022;0.002;-0.007;0.007;-0.007;0.007;-0.001;-0.001;0.002;0.008;-0.009;0.002;0.004;-0.005;0.002;0.007;-0.007;0.002;-0.009;0.01;0.002;-0.01;0.01;0.002;-0.008;0.012;0.002;0.012;-0.011;0.002;0.022;-0.02;0.002;-0.0;-0.003;0.002;0.004;-0.005;0.002;0.009;-0.015;0.002;-0.004;0.003;0.002;0.016;-0.015;0.002;0.008;-0.008;0.002;0.009;0.052;0.038;0.005;0.029;0.019;0.034;0.022;0.024;0.057;-0.014;1.0;-0.003;-0.002;0.036;0.047;0.019;0.03;0.251;0.04;0.01;0.0;0.009;0.042;0.023;-0.012;-0.005;0.029;0.001;-0.0;0.02;0.008;-0.008;0.001;-0.006;0.037;0.001;0.049;-0.004
agg__concept:name_Release C;-0.014;-0.003;-0.007;-0.012;-0.011;-0.01;-0.006;-0.005;0.072;0.008;-0.004;0.012;-0.0;-0.013;0.026;-0.001;-0.016;0.026;-0.001;-0.014;0.026;0.002;-0.019;0.026;-0.003;-0.013;0.026;-0.024;0.024;-0.024;0.024;-0.033;0.02;0.026;-0.006;-0.006;0.026;-0.003;-0.009;0.026;0.007;-0.021;0.026;-0.009;-0.012;0.026;-0.009;-0.012;0.026;-0.02;-0.006;0.026;-0.005;-0.013;0.026;-0.002;-0.015;0.026;-0.017;-0.008;0.026;-0.01;-0.006;0.026;-0.026;0.009;0.026;0.0;-0.013;0.026;0.002;-0.017;0.026;-0.004;-0.014;0.026;-0.013;0.05;0.063;0.003;0.019;0.012;0.027;0.024;0.005;0.061;-0.009;-0.003;1.0;-0.002;0.023;0.054;0.012;0.127;0.167;0.008;0.024;-0.006;-0.001;-0.004;-0.004;0.006;0.026;0.008;0.01;-0.009;-0.008;-0.006;0.011;-0.006;-0.004;0.017;-0.009;-0.001;-0.002
agg__concept:name_Release D;-0.012;-0.005;-0.007;0.008;-0.0;0.001;-0.006;-0.004;0.047;-0.006;0.019;-0.004;0.012;-0.008;-0.009;0.002;0.004;-0.009;0.004;0.002;-0.009;0.005;0.002;-0.009;0.015;-0.007;-0.009;0.01;-0.01;0.01;-0.01;0.011;-0.006;-0.009;0.002;0.003;-0.009;-0.001;0.005;-0.009;-0.002;0.007;-0.009;0.0;0.008;-0.009;0.0;0.008;-0.009;0.011;-0.005;-0.009;0.015;-0.005;-0.009;0.009;-0.002;-0.009;0.012;-0.007;-0.009;0.006;0.0;-0.009;0.013;-0.009;-0.009;0.002;0.003;-0.009;0.02;-0.012;-0.009;0.016;-0.006;-0.009;-0.003;0.045;0.059;0.003;0.017;0.011;0.021;0.009;0.004;0.06;-0.008;-0.002;-0.002;1.0;0.02;0.052;0.011;0.076;0.148;-0.004;0.022;0.026;0.002;-0.004;-0.004;-0.007;0.005;-0.005;0.03;0.003;0.006;0.024;-0.005;-0.005;-0.004;-0.004;-0.008;-0.001;-0.002
agg__org:group_A;0.006;0.061;0.031;0.0;0.03;-0.02;-0.05;0.017;-0.009;-0.01;-0.071;-0.037;-0.065;0.065;0.006;-0.169;0.137;0.006;-0.15;0.129;0.006;-0.205;0.16;0.006;-0.194;0.162;0.006;-0.008;0.008;-0.011;0.011;0.005;-0.019;0.006;-0.08;0.076;0.006;-0.089;0.085;0.006;-0.162;0.138;0.006;-0.041;0.047;0.006;-0.038;0.044;0.006;-0.006;0.002;0.006;-0.235;0.182;0.006;-0.266;0.22;0.006;-0.014;0.014;0.006;-0.174;0.147;0.006;-0.038;0.047;0.006;-0.115;0.108;0.006;-0.145;0.122;0.006;-0.242;0.186;0.006;0.165;0.471;0.489;0.146;0.64;0.415;0.784;0.771;0.456;0.456;0.125;0.036;0.023;0.02;1.0;0.526;0.415;0.103;0.135;0.226;0.203;0.101;0.187;0.004;0.041;-0.417;-0.001;0.09;0.233;0.138;0.15;0.083;0.07;0.033;0.021;0.071;0.121;0.027;0.005
agg__org:group_B;-0.008;-0.037;0.032;-0.043;0.124;-0.047;-0.039;0.032;0.047;-0.034;-0.022;0.011;-0.058;0.035;0.048;0.003;-0.032;0.048;-0.016;-0.013;0.048;0.003;-0.034;0.048;-0.0;-0.029;0.048;-0.043;0.043;-0.044;0.044;-0.036;-0.008;0.048;-0.025;0.003;0.048;-0.02;-0.004;0.048;-0.011;-0.019;0.048;-0.09;0.073;0.048;-0.097;0.083;0.048;-0.053;0.021;0.048;-0.014;-0.021;0.048;-0.015;-0.017;0.048;-0.077;0.062;0.048;-0.012;-0.018;0.048;-0.074;0.054;0.048;-0.067;0.041;0.048;0.016;-0.042;0.048;-0.016;-0.02;0.048;0.409;0.591;0.948;0.062;0.439;0.313;0.581;0.446;0.723;0.938;0.184;0.047;0.054;0.052;0.526;1.0;0.313;0.196;0.204;0.269;0.199;0.096;0.176;0.088;0.076;0.01;0.141;0.108;0.248;0.281;0.158;0.116;0.093;0.139;0.062;0.059;0.291;0.025;0.025
agg__org:group_C;0.009;-0.006;0.013;-0.006;0.022;-0.007;-0.017;-0.003;0.008;0.006;-0.0;-0.009;0.018;0.01;-0.054;0.001;0.033;-0.054;-0.0;0.031;-0.054;-0.003;0.039;-0.054;-0.003;0.036;-0.054;0.051;-0.051;0.053;-0.053;0.042;0.006;-0.054;0.003;0.023;-0.054;0.001;0.025;-0.054;0.002;0.03;-0.054;0.032;0.008;-0.054;0.025;0.017;-0.054;0.047;0.001;-0.054;-0.006;0.042;-0.054;-0.007;0.04;-0.054;0.037;0.012;-0.054;-0.004;0.036;-0.054;0.027;0.019;-0.054;0.002;0.025;-0.054;-0.005;0.037;-0.054;-0.008;0.043;-0.054;0.095;0.23;0.304;0.221;0.632;1.0;0.311;0.3;0.272;0.259;0.071;0.019;0.012;0.011;0.415;0.313;1.0;0.053;0.075;0.096;0.095;0.044;0.07;0.031;0.03;0.045;0.069;0.041;0.092;0.067;0.057;0.047;0.039;0.041;0.029;0.031;0.064;0.008;0.006
agg__org:group_D;-0.059;-0.051;-0.032;-0.051;-0.048;-0.043;-0.028;0.273;0.403;-0.028;-0.019;0.002;-0.035;0.01;0.052;0.018;-0.048;0.052;0.015;-0.043;0.052;0.033;-0.061;0.052;0.036;-0.062;0.052;-0.045;0.045;-0.046;0.046;-0.027;-0.029;0.052;-0.007;-0.017;0.052;0.003;-0.028;0.052;0.024;-0.051;0.052;-0.012;-0.031;0.052;-0.006;-0.04;0.052;-0.042;-0.007;0.052;0.032;-0.06;0.052;0.045;-0.07;0.052;-0.023;-0.032;0.052;0.011;-0.04;0.052;-0.029;-0.012;0.052;0.037;-0.061;0.052;0.016;-0.045;0.052;0.036;-0.063;0.052;-0.056;0.196;0.24;0.014;0.082;0.053;0.086;0.073;0.022;0.204;-0.011;0.03;0.127;0.076;0.103;0.196;0.053;1.0;0.032;-0.013;0.063;-0.026;-0.031;-0.018;-0.018;-0.034;-0.035;0.014;-0.015;-0.039;-0.033;-0.028;-0.007;-0.024;-0.017;0.002;-0.037;-0.005;-0.01
agg__org:group_E;-0.003;0.007;-0.01;0.011;-0.042;0.015;0.014;-0.011;-0.005;0.009;0.016;0.002;0.022;-0.016;-0.013;0.022;-0.011;-0.013;0.024;-0.014;-0.013;0.024;-0.011;-0.013;0.025;-0.013;-0.013;0.011;-0.011;0.011;-0.011;0.01;0.002;-0.013;0.018;-0.011;-0.013;0.019;-0.012;-0.013;0.024;-0.013;-0.013;0.034;-0.033;-0.013;0.037;-0.037;-0.013;0.017;-0.01;-0.013;0.032;-0.017;-0.013;0.035;-0.021;-0.013;0.029;-0.03;-0.013;0.02;-0.01;-0.013;0.025;-0.022;-0.013;0.034;-0.026;-0.013;0.013;-0.003;-0.013;0.033;-0.017;-0.013;-0.034;0.256;0.206;0.019;0.114;0.075;0.168;0.119;0.054;0.235;0.935;0.251;0.167;0.148;0.135;0.204;0.075;0.032;1.0;0.118;0.075;0.073;0.098;0.02;0.025;0.023;0.098;0.042;0.116;-0.015;0.044;0.06;0.047;0.014;0.043;0.043;-0.035;0.007;-0.0
agg__org:group_F;0.214;-0.137;0.244;-0.044;-0.078;0.1;-0.031;-0.039;0.004;-0.05;-0.027;-0.056;-0.054;0.052;0.009;0.012;-0.016;0.009;-0.025;0.016;0.009;0.008;-0.013;0.009;0.003;-0.008;0.009;-0.001;0.001;-0.007;0.007;-0.019;0.02;0.009;0.082;-0.086;0.009;0.061;-0.065;0.009;-0.024;0.015;0.009;0.016;-0.03;0.009;0.033;-0.051;0.009;-0.005;-0.006;0.009;-0.007;-0.001;0.009;-0.015;0.007;0.009;0.017;-0.041;0.009;-0.045;0.034;0.009;-0.015;0.011;0.009;-0.068;0.061;0.009;0.078;-0.073;0.009;-0.021;0.01;0.009;0.03;0.375;0.284;0.025;0.146;0.096;0.247;0.18;0.116;0.272;0.113;0.04;0.008;-0.004;0.226;0.269;0.096;-0.013;0.118;1.0;0.083;-0.029;-0.006;-0.006;-0.032;-0.034;-0.06;-0.002;-0.024;0.036;-0.007;-0.014;-0.022;-0.022;-0.031;-0.021;0.007;0.011;-0.018
agg__org:group_G;0.026;0.03;-0.016;0.063;-0.086;-0.021;-0.042;-0.011;0.023;-0.006;0.015;-0.007;-0.049;0.049;0.004;-0.032;0.024;0.004;-0.015;0.011;0.004;-0.022;0.015;0.004;0.012;-0.013;0.004;0.004;-0.004;-0.003;0.003;-0.003;-0.001;0.004;0.004;-0.006;0.004;0.016;-0.018;0.004;-0.018;0.013;0.004;0.04;-0.056;0.004;-0.01;0.009;0.004;-0.001;-0.005;0.004;0.008;-0.009;0.004;-0.001;-0.002;0.004;-0.015;0.018;0.004;-0.007;0.003;0.004;0.016;-0.026;0.004;-0.003;0.001;0.004;-0.01;0.006;0.004;0.013;-0.013;0.004;-0.019;0.484;0.206;0.024;0.146;0.095;0.242;0.167;0.103;0.193;0.068;0.01;0.024;0.022;0.203;0.199;0.095;0.063;0.075;0.083;1.0;0.017;0.044;-0.007;-0.032;-0.0;-0.008;0.047;0.086;-0.006;0.026;-0.003;-0.008;0.003;0.01;0.004;-0.011;-0.009;-0.018
agg__org:group_H;-0.037;-0.024;-0.027;-0.042;-0.038;-0.036;-0.023;-0.018;-0.021;-0.005;-0.016;0.135;0.028;-0.045;0.029;-0.015;-0.006;0.029;0.023;-0.037;0.029;-0.006;-0.015;0.029;-0.021;0.0;0.029;-0.024;0.024;-0.025;0.025;-0.01;-0.024;0.029;-0.064;0.05;0.029;-0.071;0.056;0.029;0.023;-0.037;0.029;-0.029;0.011;0.029;-0.015;-0.007;0.029;-0.015;-0.021;0.029;0.0;-0.02;0.029;-0.007;-0.012;0.029;-0.025;0.002;0.029;-0.004;-0.013;0.029;-0.003;-0.026;0.029;0.018;-0.032;0.029;-0.038;0.016;0.029;0.003;-0.022;0.029;0.004;0.2;0.083;0.011;0.068;0.044;0.112;0.078;0.048;0.111;0.074;0.0;-0.006;0.026;0.101;0.096;0.044;-0.026;0.073;-0.029;0.017;1.0;0.031;-0.015;-0.015;-0.014;-0.029;0.002;-0.041;0.039;-0.028;0.011;0.033;0.129;-0.014;-0.015;-0.031;-0.004;-0.008
agg__org:group_I;-0.052;0.029;-0.018;0.016;-0.036;-0.034;0.004;0.008;-0.033;-0.037;-0.025;0.065;-0.016;0.011;0.012;-0.04;0.026;0.012;-0.042;0.03;0.012;-0.038;0.023;0.012;-0.043;0.03;0.012;-0.017;0.017;-0.007;0.007;-0.034;0.042;0.012;-0.019;0.013;0.012;-0.017;0.011;0.012;-0.034;0.023;0.012;0.014;-0.029;0.012;0.008;-0.022;0.012;0.007;-0.033;0.012;-0.039;0.023;0.012;-0.024;0.013;0.012;0.014;-0.039;0.012;-0.039;0.027;0.012;-0.015;0.009;0.012;-0.014;0.008;0.012;-0.01;0.002;0.012;-0.039;0.023;0.012;-0.019;0.327;0.168;0.018;0.107;0.07;0.196;0.147;0.099;0.183;0.101;0.009;-0.001;0.002;0.187;0.176;0.07;-0.031;0.098;-0.006;0.044;0.031;1.0;0.02;-0.024;-0.045;-0.023;0.123;-0.054;-0.012;0.027;-0.003;0.004;-0.032;-0.008;0.006;-0.006;0.072;0.039
agg__org:group_J;-0.035;-0.039;-0.019;-0.03;0.132;-0.025;-0.016;-0.013;-0.015;-0.016;-0.011;0.039;0.009;-0.016;0.012;0.104;-0.094;0.012;0.095;-0.091;0.012;0.121;-0.105;0.012;0.093;-0.087;0.012;-0.033;0.033;-0.009;0.009;-0.0;-0.017;0.012;0.026;-0.031;0.012;0.034;-0.039;0.012;0.082;-0.078;0.012;0.015;-0.029;0.012;-0.008;-0.0;0.012;-0.003;-0.015;0.012;0.125;-0.108;0.012;0.123;-0.111;0.012;0.002;-0.019;0.012;0.056;-0.055;0.012;0.009;-0.025;0.012;0.013;-0.019;0.012;0.119;-0.11;0.012;0.13;-0.11;0.012;0.205;0.072;0.073;0.008;0.048;0.031;-0.023;-0.029;0.063;0.093;0.011;0.042;-0.004;-0.004;0.004;0.088;0.031;-0.018;0.02;-0.006;-0.007;-0.015;0.02;1.0;0.02;-0.02;-0.02;-0.014;-0.006;-0.005;-0.019;0.067;0.056;-0.014;-0.01;-0.01;0.008;-0.003;-0.006
agg__org:group_K;0.01;0.053;-0.018;-0.029;0.021;0.021;-0.016;-0.012;-0.014;0.031;0.031;-0.051;0.008;-0.003;-0.011;-0.008;0.013;-0.011;-0.04;0.042;-0.011;-0.026;0.028;-0.011;-0.012;0.017;-0.011;0.006;-0.006;0.012;-0.012;-0.007;0.027;-0.011;-0.039;0.044;-0.011;-0.008;0.013;-0.011;-0.037;0.039;-0.011;-0.001;0.011;-0.011;-0.002;0.013;-0.011;0.017;-0.014;-0.011;0.0;0.007;-0.011;-0.018;0.022;-0.011;-0.016;0.042;-0.011;0.015;-0.007;-0.011;-0.008;0.022;-0.011;-0.055;0.058;-0.011;-0.016;0.02;-0.011;-0.024;0.026;-0.011;0.071;0.126;0.068;0.008;0.047;0.03;0.085;0.063;0.071;0.067;0.021;0.023;-0.004;-0.004;0.041;0.076;0.03;-0.018;0.025;-0.032;-0.032;-0.015;-0.024;0.02;1.0;0.063;0.284;-0.014;-0.016;0.02;-0.019;-0.016;-0.013;-0.014;0.008;-0.01;0.027;-0.003;-0.006
agg__org:group_L;0.05;-0.078;-0.035;0.008;0.022;0.02;0.086;-0.024;-0.028;0.026;0.019;-0.007;0.013;-0.002;-0.024;-0.031;0.041;-0.024;-0.023;0.034;-0.024;-0.02;0.032;-0.024;-0.007;0.02;-0.024;0.028;-0.028;0.027;-0.027;-0.007;0.049;-0.024;-0.023;0.034;-0.024;-0.009;0.02;-0.024;-0.007;0.02;-0.024;0.015;0.002;-0.024;-0.015;0.041;-0.024;0.012;0.019;-0.024;-0.001;0.017;-0.024;0.006;0.01;-0.024;-0.011;0.051;-0.024;0.049;-0.028;-0.024;0.024;-0.009;-0.024;-0.002;0.014;-0.024;-0.023;0.035;-0.024;0.003;0.014;-0.024;0.056;0.009;0.009;0.015;0.057;0.045;0.056;0.066;0.025;-0.0;0.028;-0.012;0.006;-0.007;-0.417;0.01;0.045;-0.034;0.023;-0.034;-0.0;-0.014;-0.045;-0.02;0.063;1.0;0.256;-0.005;-0.028;0.03;-0.037;-0.013;-0.025;0.015;0.105;-0.02;0.024;-0.005;-0.011
agg__org:group_M;0.019;0.023;-0.036;0.035;-0.047;0.031;0.038;-0.024;-0.028;0.044;0.005;-0.039;0.012;0.013;-0.05;-0.026;0.054;-0.05;-0.055;0.077;-0.05;-0.034;0.06;-0.05;-0.023;0.05;-0.05;0.053;-0.053;0.052;-0.052;0.03;0.022;-0.05;-0.036;0.06;-0.05;-0.011;0.034;-0.05;-0.042;0.066;-0.05;0.065;-0.039;-0.05;0.067;-0.041;-0.05;0.058;-0.028;-0.05;-0.009;0.04;-0.05;0.002;0.029;-0.05;0.054;-0.021;-0.05;0.036;-0.001;-0.05;0.034;0.004;-0.05;-0.004;0.028;-0.05;-0.023;0.049;-0.05;-0.014;0.045;-0.05;-0.014;0.218;0.157;0.015;0.091;0.069;0.156;0.089;0.084;0.12;0.1;-0.005;0.026;0.005;-0.001;0.141;0.069;-0.035;0.098;-0.06;-0.008;-0.029;-0.023;-0.02;0.284;0.256;1.0;-0.027;-0.057;0.026;-0.009;-0.014;-0.025;-0.027;0.195;0.003;-0.042;-0.006;-0.011
agg__org:group_N;-0.046;0.042;0.014;0.008;-0.033;-0.019;-0.022;0.007;-0.019;-0.014;-0.015;0.031;-0.029;0.034;-0.006;-0.016;0.017;-0.006;-0.038;0.037;-0.006;-0.008;0.01;-0.006;-0.011;0.013;-0.006;0.009;-0.009;0.009;-0.009;-0.01;0.027;-0.006;-0.018;0.021;-0.006;0.003;0.0;-0.006;-0.033;0.032;-0.006;-0.024;0.037;-0.006;-0.008;0.016;-0.006;-0.006;0.022;-0.006;-0.028;0.026;-0.006;-0.024;0.024;-0.006;0.02;-0.025;-0.006;-0.036;0.035;-0.006;0.011;-0.008;-0.006;-0.027;0.029;-0.006;0.008;-0.003;-0.006;-0.027;0.025;-0.006;0.006;0.235;0.092;0.011;0.064;0.041;0.098;0.079;0.062;0.122;0.036;0.029;0.008;-0.005;0.09;0.108;0.041;0.014;0.042;-0.002;0.047;0.002;0.123;-0.014;-0.014;-0.005;-0.027;1.0;-0.026;0.04;-0.026;-0.022;-0.0;-0.019;-0.013;0.032;-0.029;0.219;-0.008
agg__org:group_O;-0.084;0.189;-0.027;0.073;-0.032;-0.052;0.059;-0.002;-0.043;0.077;-0.033;-0.108;0.044;-0.043;-0.005;-0.055;0.049;-0.005;-0.011;0.013;-0.005;-0.048;0.042;-0.005;-0.039;0.037;-0.005;0.008;-0.008;-0.009;0.009;0.014;-0.017;-0.005;-0.039;0.042;-0.005;-0.052;0.053;-0.005;-0.027;0.027;-0.005;0.015;-0.015;-0.005;0.022;-0.024;-0.005;-0.0;0.009;-0.005;-0.067;0.056;-0.005;-0.053;0.048;-0.005;-0.004;0.014;-0.005;-0.044;0.041;-0.005;-0.002;0.009;-0.005;-0.027;0.028;-0.005;-0.034;0.033;-0.005;-0.061;0.052;-0.005;-0.001;0.368;0.261;0.024;0.142;0.092;0.261;0.195;0.137;0.234;0.116;0.001;0.01;0.03;0.233;0.248;0.092;-0.015;0.116;-0.024;0.086;-0.041;-0.054;-0.006;-0.016;-0.028;-0.057;-0.026;1.0;0.007;0.004;0.052;0.014;-0.017;-0.03;0.041;0.013;0.013;-0.017
agg__org:group_P;0.024;-0.052;-0.026;-0.064;0.295;0.014;-0.035;-0.027;-0.031;-0.035;-0.024;-0.047;-0.061;0.03;0.065;-0.021;-0.023;0.065;-0.043;0.001;0.065;-0.055;0.001;0.065;-0.061;0.012;0.065;-0.057;0.057;-0.058;0.058;-0.034;-0.037;0.065;-0.046;0.014;0.065;-0.07;0.037;0.065;-0.056;0.01;0.065;-0.172;0.164;0.065;-0.154;0.141;0.065;-0.089;0.063;0.065;-0.053;-0.002;0.065;-0.068;0.017;0.065;-0.096;0.068;0.065;-0.035;-0.009;0.065;-0.08;0.043;0.065;-0.068;0.033;0.065;-0.071;0.023;0.065;-0.051;-0.004;0.065;0.664;0.042;0.209;0.017;0.086;0.067;0.185;0.141;0.425;0.185;-0.015;-0.0;-0.009;0.003;0.138;0.281;0.067;-0.039;-0.015;0.036;-0.006;0.039;-0.012;-0.005;0.02;0.03;0.026;0.04;0.007;1.0;0.011;-0.03;0.033;0.071;-0.022;-0.022;-0.03;-0.006;-0.013
agg__org:group_Q;0.025;-0.002;-0.034;-0.014;-0.034;-0.032;-0.03;-0.023;-0.027;-0.017;-0.02;0.072;-0.01;0.036;-0.048;-0.007;0.036;-0.048;0.015;0.014;-0.048;0.006;0.027;-0.048;-0.015;0.042;-0.048;0.037;-0.037;0.05;-0.05;0.039;0.002;-0.048;0.046;-0.022;-0.048;0.016;0.007;-0.048;0.001;0.027;-0.048;0.036;-0.004;-0.048;0.041;-0.01;-0.048;0.034;0.016;-0.048;-0.011;0.041;-0.048;-0.028;0.054;-0.048;0.037;0.004;-0.048;0.067;-0.03;-0.048;0.021;0.02;-0.048;-0.033;0.056;-0.048;-0.02;0.046;-0.048;-0.009;0.039;-0.048;-0.024;0.228;0.178;0.015;0.087;0.057;0.153;0.12;0.048;0.161;0.041;0.02;-0.008;0.006;0.15;0.158;0.057;-0.033;0.044;-0.007;0.026;-0.028;0.027;-0.019;-0.019;-0.037;-0.009;-0.026;0.004;0.011;1.0;-0.024;-0.013;0.002;-0.018;0.054;-0.028;-0.005;-0.011
agg__org:group_R;-0.044;0.012;-0.004;-0.017;-0.039;0.001;0.039;-0.001;-0.022;0.0;0.253;-0.013;0.043;-0.028;-0.033;-0.001;0.021;-0.033;0.045;-0.021;-0.033;0.011;0.013;-0.033;0.023;0.001;-0.033;0.035;-0.035;0.035;-0.035;0.043;-0.026;-0.033;0.036;-0.02;-0.033;0.058;-0.041;-0.033;0.074;-0.045;-0.033;0.018;0.007;-0.033;0.019;0.006;-0.033;0.022;0.013;-0.033;0.058;-0.024;-0.033;0.074;-0.042;-0.033;0.013;0.023;-0.033;0.013;0.008;-0.033;0.021;0.004;-0.033;0.065;-0.046;-0.033;0.031;-0.007;-0.033;0.062;-0.026;-0.033;-0.046;0.218;0.137;0.012;0.073;0.047;0.098;0.043;0.022;0.121;0.058;0.008;-0.006;0.024;0.083;0.116;0.047;-0.028;0.06;-0.014;-0.003;0.011;-0.003;0.067;-0.016;-0.013;-0.014;-0.022;0.052;-0.03;-0.024;1.0;-0.02;0.051;-0.015;-0.016;-0.033;-0.004;0.116
agg__org:group_S;-0.01;-0.012;-0.0;-0.037;-0.014;-0.032;0.006;-0.016;-0.018;0.002;-0.014;0.068;0.035;-0.054;0.033;0.062;-0.072;0.033;0.04;-0.054;0.033;0.028;-0.044;0.033;0.026;-0.042;0.033;-0.028;0.028;-0.029;0.029;-0.016;-0.021;0.033;0.025;-0.04;0.033;0.002;-0.018;0.033;0.069;-0.079;0.033;0.006;-0.037;0.033;0.005;-0.036;0.033;-0.019;-0.018;0.033;0.03;-0.046;0.033;0.014;-0.032;0.033;-0.012;-0.024;0.033;0.028;-0.044;0.033;-0.002;-0.031;0.033;0.074;-0.087;0.033;0.004;-0.022;0.033;0.033;-0.048;0.033;0.056;0.148;0.079;0.01;0.06;0.039;0.064;0.038;0.013;0.13;0.051;-0.008;0.011;-0.005;0.07;0.093;0.039;-0.007;0.047;-0.022;-0.008;0.033;0.004;0.056;-0.013;-0.025;-0.025;-0.0;0.014;0.033;-0.013;-0.02;1.0;-0.018;-0.013;0.007;0.013;-0.004;-0.007
agg__org:group_T;-0.046;-0.048;0.013;-0.04;-0.038;-0.034;-0.022;-0.017;-0.019;0.004;-0.015;0.138;0.036;-0.046;0.015;0.069;-0.066;0.015;0.168;-0.158;0.015;0.077;-0.072;0.015;0.079;-0.076;0.015;-0.011;0.011;-0.011;0.011;0.001;-0.023;0.015;0.011;-0.018;0.015;0.022;-0.029;0.015;0.104;-0.099;0.015;-0.021;0.014;0.015;0.019;-0.039;0.015;-0.003;-0.019;0.015;0.091;-0.082;0.015;0.104;-0.097;0.015;-0.045;0.054;0.015;0.079;-0.077;0.015;0.008;-0.026;0.015;0.061;-0.066;0.015;0.061;-0.061;0.015;0.095;-0.085;0.015;0.07;0.196;0.139;0.011;0.064;0.041;0.057;-0.004;0.062;0.147;0.017;0.001;-0.006;-0.005;0.033;0.139;0.041;-0.024;0.014;-0.022;0.003;0.129;-0.032;-0.014;-0.014;0.015;-0.027;-0.019;-0.017;0.071;0.002;0.051;-0.018;1.0;-0.013;0.02;0.035;-0.004;-0.008
agg__org:group_U;-0.033;-0.004;-0.018;0.048;-0.027;-0.016;0.039;-0.012;-0.014;-0.015;-0.011;0.028;0.028;-0.021;-0.017;-0.029;0.035;-0.017;0.016;-0.004;-0.017;-0.025;0.031;-0.017;-0.032;0.038;-0.017;0.019;-0.019;0.019;-0.019;0.024;-0.016;-0.017;-0.038;0.046;-0.017;-0.031;0.039;-0.017;-0.002;0.012;-0.017;0.033;-0.028;-0.017;0.033;-0.027;-0.017;0.022;-0.014;-0.017;-0.011;0.02;-0.017;-0.03;0.036;-0.017;0.025;-0.018;-0.017;0.0;0.01;-0.017;0.013;0.0;-0.017;0.003;0.005;-0.017;-0.024;0.031;-0.017;-0.009;0.019;-0.017;-0.031;0.128;0.063;0.008;0.045;0.029;0.091;0.06;0.04;0.058;0.048;-0.006;-0.004;-0.004;0.021;0.062;0.029;-0.017;0.043;-0.031;0.01;-0.014;-0.008;-0.01;0.008;0.105;0.195;-0.013;-0.03;-0.022;-0.018;-0.015;-0.013;-0.013;1.0;-0.01;-0.021;-0.003;-0.006
agg__org:group_V;0.004;-0.009;-0.019;0.041;-0.028;-0.025;-0.016;0.039;-0.014;0.019;-0.011;0.012;0.005;-0.006;0.0;0.014;-0.012;0.0;0.01;-0.009;0.0;0.005;-0.004;0.0;0.009;-0.008;0.0;-0.037;0.037;-0.009;0.009;0.009;-0.017;0.0;0.012;-0.012;0.0;-0.01;0.01;0.0;0.01;-0.009;0.0;0.022;-0.029;0.0;0.022;-0.028;0.0;0.007;-0.014;0.0;0.016;-0.013;0.0;0.009;-0.008;0.0;0.011;-0.019;0.0;0.018;-0.015;0.0;-0.057;0.079;0.0;-0.025;0.023;0.0;0.014;-0.012;0.0;0.018;-0.014;0.0;0.006;0.161;0.054;0.008;0.047;0.031;0.064;0.059;0.039;0.06;0.033;0.037;0.017;-0.004;0.071;0.059;0.031;0.002;0.043;-0.021;0.004;-0.015;0.006;-0.01;-0.01;-0.02;0.003;0.032;0.041;-0.022;0.054;-0.016;0.007;0.02;-0.01;1.0;0.057;-0.003;-0.006
agg__org:group_W;0.007;-0.063;-0.039;-0.025;0.291;0.006;-0.033;-0.026;-0.03;-0.033;-0.023;-0.041;-0.074;0.073;0.009;0.058;-0.054;0.009;-0.018;0.011;0.009;0.059;-0.054;0.009;0.075;-0.07;0.009;-0.003;0.003;-0.004;0.004;-0.008;0.0;0.009;0.016;-0.02;0.009;0.031;-0.035;0.009;0.018;-0.021;0.009;-0.165;0.207;0.009;-0.19;0.24;0.009;-0.039;0.062;0.009;0.002;-0.007;0.009;0.016;-0.019;0.009;-0.121;0.186;0.009;-0.016;0.009;0.009;-0.054;0.067;0.009;-0.062;0.055;0.009;0.051;-0.05;0.009;0.005;-0.01;0.009;0.66;-0.03;0.212;0.016;0.098;0.064;0.161;0.103;0.441;0.194;-0.035;0.001;-0.009;-0.008;0.121;0.291;0.064;-0.037;-0.035;0.007;-0.011;-0.031;-0.006;0.008;0.027;0.024;-0.042;-0.029;0.013;-0.03;-0.028;-0.033;0.013;0.035;-0.021;0.057;1.0;-0.006;-0.012
agg__org:group_other;-0.01;0.011;0.102;-0.008;-0.008;-0.007;-0.004;-0.003;-0.004;-0.004;-0.003;-0.022;0.021;-0.019;-0.007;-0.01;0.013;-0.007;-0.013;0.015;-0.007;-0.009;0.012;-0.007;-0.011;0.014;-0.007;0.008;-0.008;0.007;-0.007;-0.058;0.112;-0.007;-0.006;0.01;-0.007;-0.023;0.027;-0.007;-0.012;0.015;-0.007;-0.016;0.028;-0.007;-0.017;0.028;-0.007;-0.026;0.064;-0.007;-0.009;0.012;-0.007;-0.01;0.013;-0.007;0.009;-0.005;-0.007;-0.011;0.014;-0.007;0.01;-0.007;-0.007;-0.019;0.022;-0.007;-0.012;0.014;-0.007;-0.008;0.012;-0.007;-0.009;0.1;0.025;0.002;0.013;0.008;0.027;0.026;0.005;0.029;-0.007;0.049;-0.001;-0.001;0.027;0.025;0.008;-0.005;0.007;0.011;-0.009;-0.004;0.072;-0.003;-0.003;-0.005;-0.006;0.219;0.013;-0.006;-0.005;-0.004;-0.004;-0.004;-0.003;-0.003;-0.006;1.0;-0.002
encoded_label;-0.019;-0.027;-0.01;-0.016;-0.015;-0.014;-0.009;-0.007;-0.008;-0.009;0.288;0.007;0.043;-0.037;-0.014;-0.02;0.026;-0.014;-0.025;0.03;-0.014;-0.018;0.024;-0.014;-0.022;0.027;-0.014;0.015;-0.015;0.015;-0.015;0.017;-0.009;-0.014;-0.051;0.057;-0.014;-0.047;0.053;-0.014;-0.024;0.029;-0.014;0.022;-0.016;-0.014;0.022;-0.016;-0.014;0.017;-0.008;-0.014;-0.017;0.024;-0.014;0.077;-0.056;-0.014;0.018;-0.01;-0.014;-0.023;0.028;-0.014;0.021;-0.014;-0.014;-0.038;0.044;-0.014;-0.023;0.029;-0.014;-0.017;0.023;-0.014;-0.018;-0.0;0.038;0.004;0.01;0.006;0.014;-0.021;-0.006;0.024;0.001;-0.004;-0.002;-0.002;0.005;0.025;0.006;-0.01;-0.0;-0.018;-0.018;-0.008;0.039;-0.006;-0.006;-0.011;-0.011;-0.008;-0.017;-0.013;-0.011;0.116;-0.007;-0.008;-0.006;-0.006;-0.012;-0.002;1.0
