;static__case:LoanGoal_Boat;static__case:LoanGoal_Business goal;static__case:LoanGoal_Debt restructuring;static__case:LoanGoal_Tax payments;static__case:LoanGoal_other;index__org:resource_0_User_10;index__org:resource_0_User_101;index__org:resource_0_User_102;index__org:resource_0_User_103;index__org:resource_0_User_104;index__org:resource_0_User_106;index__org:resource_0_User_107;index__org:resource_0_User_108;index__org:resource_0_User_109;index__org:resource_0_User_11;index__org:resource_0_User_110;index__org:resource_0_User_111;index__org:resource_0_User_12;index__org:resource_0_User_13;index__org:resource_0_User_14;index__org:resource_0_User_15;index__org:resource_0_User_16;index__org:resource_0_User_17;index__org:resource_0_User_18;index__org:resource_0_User_19;index__org:resource_0_User_20;index__org:resource_0_User_21;index__org:resource_0_User_22;index__org:resource_0_User_23;index__org:resource_0_User_24;index__org:resource_0_User_25;index__org:resource_0_User_26;index__org:resource_0_User_27;index__org:resource_0_User_28;index__org:resource_0_User_31;index__org:resource_0_User_32;index__org:resource_0_User_33;index__org:resource_0_User_34;index__org:resource_0_User_35;index__org:resource_0_User_36;index__org:resource_0_User_37;index__org:resource_0_User_38;index__org:resource_0_User_39;index__org:resource_0_User_4;index__org:resource_0_User_40;index__org:resource_0_User_41;index__org:resource_0_User_42;index__org:resource_0_User_43;index__org:resource_0_User_44;index__org:resource_0_User_45;index__org:resource_0_User_46;index__org:resource_0_User_47;index__org:resource_0_User_48;index__org:resource_0_User_50;index__org:resource_0_User_51;index__org:resource_0_User_52;index__org:resource_0_User_53;index__org:resource_0_User_54;index__org:resource_0_User_55;index__org:resource_0_User_56;index__org:resource_0_User_57;index__org:resource_0_User_58;index__org:resource_0_User_59;index__org:resource_0_User_6;index__org:resource_0_User_60;index__org:resource_0_User_61;index__org:resource_0_User_62;index__org:resource_0_User_63;index__org:resource_0_User_64;index__org:resource_0_User_65;index__org:resource_0_User_66;index__org:resource_0_User_67;index__org:resource_0_User_68;index__org:resource_0_User_7;index__org:resource_0_User_70;index__org:resource_0_User_71;index__org:resource_0_User_73;index__org:resource_0_User_74;index__org:resource_0_User_75;index__org:resource_0_User_76;index__org:resource_0_User_77;index__org:resource_0_User_78;index__org:resource_0_User_8;index__org:resource_0_User_80;index__org:resource_0_User_82;index__org:resource_0_User_83;index__org:resource_0_User_84;index__org:resource_0_User_85;index__org:resource_0_User_86;index__org:resource_0_User_89;index__org:resource_0_User_9;index__org:resource_0_User_90;index__org:resource_0_User_91;index__org:resource_0_User_92;index__org:resource_0_User_93;index__org:resource_0_User_95;index__org:resource_0_User_97;index__org:resource_0_User_99;index__org:resource_0_other;encoded_label
static__case:LoanGoal_Boat;1.0;-0.002;-0.001;-0.006;-0.72;0.013;-0.001;-0.001;-0.001;-0.001;-0.001;-0.0;-0.001;-0.002;-0.005;-0.001;-0.001;-0.0;-0.006;-0.004;0.001;-0.004;0.003;-0.003;-0.0;-0.004;0.004;-0.002;-0.007;-0.001;0.004;-0.001;-0.004;-0.004;0.001;-0.004;-0.003;-0.004;-0.001;0.002;0.004;-0.005;-0.0;-0.004;0.001;-0.006;0.003;-0.002;0.002;-0.006;-0.006;-0.005;-0.006;-0.002;0.0;0.002;0.004;-0.004;-0.002;-0.004;-0.005;0.008;-0.002;-0.002;-0.002;0.002;-0.003;0.004;-0.002;-0.002;-0.003;-0.005;-0.002;-0.005;0.003;0.001;-0.003;-0.004;-0.003;-0.002;-0.002;-0.003;-0.003;-0.003;-0.001;-0.001;-0.002;-0.003;-0.003;-0.001;0.006;-0.002;0.026;-0.001;-0.002;-0.002;-0.001;-0.001;0.011;-0.016
static__case:LoanGoal_Business goal;-0.002;1.0;-0.0;-0.002;-0.278;-0.004;-0.0;-0.0;-0.0;-0.001;-0.0;-0.0;-0.0;-0.001;-0.002;-0.0;-0.0;-0.002;-0.002;-0.003;-0.003;0.007;-0.003;-0.003;-0.002;-0.002;-0.002;-0.001;-0.003;-0.002;-0.002;-0.002;-0.002;0.008;-0.002;-0.002;-0.001;-0.001;0.01;-0.003;0.011;-0.002;-0.002;-0.003;-0.002;-0.002;-0.003;-0.003;-0.002;-0.002;-0.002;-0.002;-0.002;-0.001;-0.002;-0.003;-0.002;-0.002;-0.001;-0.001;-0.002;-0.002;-0.001;-0.001;-0.002;-0.003;-0.001;-0.002;-0.001;-0.001;-0.001;-0.002;-0.001;-0.002;-0.002;-0.002;-0.001;-0.001;-0.001;-0.001;-0.001;-0.001;-0.001;-0.001;-0.0;-0.001;-0.001;-0.001;-0.001;-0.001;-0.001;-0.001;-0.0;-0.001;-0.001;-0.001;-0.0;-0.0;0.012;0.014
static__case:LoanGoal_Debt restructuring;-0.001;-0.0;1.0;-0.001;-0.072;-0.001;-0.0;-0.0;-0.0;-0.0;-0.0;-0.0;-0.0;-0.0;-0.0;-0.0;-0.0;-0.001;-0.001;-0.001;-0.001;-0.001;-0.001;-0.001;-0.001;-0.0;-0.001;-0.0;-0.001;-0.001;-0.0;-0.001;-0.0;-0.001;-0.001;-0.0;-0.0;-0.0;-0.001;-0.001;-0.001;-0.001;-0.001;-0.001;-0.001;-0.001;-0.001;-0.001;-0.0;-0.001;-0.001;-0.0;-0.001;-0.0;-0.001;-0.001;-0.0;-0.0;-0.0;-0.0;0.063;-0.0;-0.0;-0.0;-0.001;-0.001;-0.0;-0.0;-0.0;-0.0;-0.0;-0.0;-0.0;-0.001;-0.0;-0.001;-0.0;-0.0;-0.0;-0.0;-0.0;-0.0;-0.0;-0.0;-0.0;-0.0;-0.0;-0.0;-0.0;-0.0;-0.0;-0.0;-0.0;-0.0;-0.0;-0.0;-0.0;-0.0;-0.003;-0.003
static__case:LoanGoal_Tax payments;-0.006;-0.002;-0.001;1.0;-0.626;-0.001;-0.001;-0.001;-0.001;-0.001;-0.001;-0.0;-0.001;-0.002;0.003;-0.001;-0.001;0.001;-0.005;0.006;-0.002;-0.003;-0.006;-0.006;0.008;-0.004;0.006;-0.002;0.006;0.001;-0.004;0.0;0.005;0.003;0.002;-0.004;-0.002;-0.003;-0.006;0.014;-0.005;-0.004;0.008;-0.002;-0.005;-0.006;-0.006;0.004;-0.004;-0.005;0.006;0.004;-0.005;-0.002;-0.005;-0.001;0.006;-0.004;-0.002;-0.003;-0.004;-0.004;-0.002;0.019;0.006;-0.006;0.01;-0.003;-0.002;-0.002;-0.003;-0.004;-0.001;0.017;-0.004;-0.005;0.037;0.007;-0.002;-0.002;-0.002;-0.003;0.011;0.023;-0.001;-0.001;-0.002;-0.003;-0.002;-0.001;0.019;-0.001;-0.001;-0.001;-0.001;-0.001;-0.001;-0.001;-0.003;0.014
static__case:LoanGoal_other;-0.72;-0.278;-0.072;-0.626;1.0;-0.008;0.001;0.002;0.001;0.002;0.002;0.001;0.001;0.003;0.002;0.001;0.001;0.0;0.008;0.0;0.001;0.003;0.003;0.007;-0.004;0.006;-0.006;0.003;0.002;0.001;0.0;0.001;0.0;-0.001;-0.002;0.006;0.004;0.005;0.002;-0.009;-0.003;0.007;-0.004;0.005;0.003;0.009;0.003;-0.0;0.002;0.008;0.002;0.001;0.008;0.003;0.004;0.0;-0.006;0.006;0.003;0.005;0.002;-0.003;0.003;-0.01;-0.002;0.003;-0.004;-0.001;0.003;0.003;0.004;0.006;0.002;-0.006;0.001;0.003;-0.021;-0.001;0.004;0.003;0.003;0.005;-0.005;-0.012;0.001;0.002;0.003;0.004;0.004;0.002;-0.017;0.002;-0.018;0.002;0.002;0.002;0.001;0.002;-0.009;-0.001
index__org:resource_0_User_10;0.013;-0.004;-0.001;-0.001;-0.008;1.0;-0.001;-0.002;-0.001;-0.002;-0.002;-0.001;-0.001;-0.003;-0.008;-0.002;-0.001;-0.009;-0.008;-0.013;-0.012;-0.013;-0.01;-0.011;-0.009;-0.007;-0.01;-0.004;-0.01;-0.009;-0.006;-0.01;-0.006;-0.012;-0.008;-0.007;-0.004;-0.005;-0.01;-0.011;-0.009;-0.008;-0.009;-0.012;-0.008;-0.01;-0.01;-0.011;-0.007;-0.009;-0.01;-0.007;-0.009;-0.003;-0.009;-0.011;-0.006;-0.007;-0.003;-0.005;-0.008;-0.008;-0.003;-0.003;-0.01;-0.011;-0.004;-0.006;-0.003;-0.003;-0.005;-0.007;-0.003;-0.008;-0.007;-0.008;-0.004;-0.006;-0.004;-0.003;-0.004;-0.005;-0.004;-0.004;-0.001;-0.002;-0.003;-0.005;-0.004;-0.002;-0.005;-0.002;-0.002;-0.002;-0.002;-0.003;-0.002;-0.002;-0.182;-0.009
index__org:resource_0_User_101;-0.001;-0.0;-0.0;-0.001;0.001;-0.001;1.0;-0.0;-0.0;-0.0;-0.0;-0.0;-0.0;-0.0;-0.001;-0.0;-0.0;-0.001;-0.001;-0.001;-0.001;-0.001;-0.001;-0.001;-0.001;-0.001;-0.001;-0.0;-0.001;-0.001;-0.001;-0.001;-0.0;-0.001;-0.001;-0.001;-0.0;-0.0;-0.001;-0.001;-0.001;-0.001;-0.001;-0.001;-0.001;-0.001;-0.001;-0.001;-0.001;-0.001;-0.001;-0.001;-0.001;-0.0;-0.001;-0.001;-0.0;-0.001;-0.0;-0.0;-0.001;-0.001;-0.0;-0.0;-0.001;-0.001;-0.0;-0.0;-0.0;-0.0;-0.0;-0.001;-0.0;-0.001;-0.001;-0.001;-0.0;-0.0;-0.0;-0.0;-0.0;-0.0;-0.0;-0.0;-0.0;-0.0;-0.0;-0.0;-0.0;-0.0;-0.0;-0.0;-0.0;-0.0;-0.0;-0.0;-0.0;-0.0;-0.014;-0.004
index__org:resource_0_User_102;-0.001;-0.0;-0.0;-0.001;0.002;-0.002;-0.0;1.0;-0.0;-0.0;-0.0;-0.0;-0.0;-0.0;-0.001;-0.0;-0.0;-0.001;-0.001;-0.001;-0.001;-0.001;-0.001;-0.001;-0.001;-0.001;-0.001;-0.0;-0.001;-0.001;-0.001;-0.001;-0.001;-0.001;-0.001;-0.001;-0.0;-0.001;-0.001;-0.001;-0.001;-0.001;-0.001;-0.001;-0.001;-0.001;-0.001;-0.001;-0.001;-0.001;-0.001;-0.001;-0.001;-0.0;-0.001;-0.001;-0.001;-0.001;-0.0;-0.001;-0.001;-0.001;-0.0;-0.0;-0.001;-0.001;-0.001;-0.001;-0.0;-0.0;-0.001;-0.001;-0.0;-0.001;-0.001;-0.001;-0.0;-0.001;-0.0;-0.0;-0.0;-0.001;-0.0;-0.001;-0.0;-0.0;-0.0;-0.001;-0.0;-0.0;-0.001;-0.0;-0.0;-0.0;-0.0;-0.0;-0.0;-0.0;-0.021;-0.005
index__org:resource_0_User_103;-0.001;-0.0;-0.0;-0.001;0.001;-0.001;-0.0;-0.0;1.0;-0.0;-0.0;-0.0;-0.0;-0.0;-0.001;-0.0;-0.0;-0.001;-0.001;-0.001;-0.001;-0.001;-0.001;-0.001;-0.001;-0.001;-0.001;-0.0;-0.001;-0.001;-0.001;-0.001;-0.001;-0.001;-0.001;-0.001;-0.0;-0.0;-0.001;-0.001;-0.001;-0.001;-0.001;-0.001;-0.001;-0.001;-0.001;-0.001;-0.001;-0.001;-0.001;-0.001;-0.001;-0.0;-0.001;-0.001;-0.001;-0.001;-0.0;-0.0;-0.001;-0.001;-0.0;-0.0;-0.001;-0.001;-0.0;-0.001;-0.0;-0.0;-0.0;-0.001;-0.0;-0.001;-0.001;-0.001;-0.0;-0.001;-0.0;-0.0;-0.0;-0.0;-0.0;-0.0;-0.0;-0.0;-0.0;-0.0;-0.0;-0.0;-0.0;-0.0;-0.0;-0.0;-0.0;-0.0;-0.0;-0.0;-0.017;-0.004
index__org:resource_0_User_104;-0.001;-0.001;-0.0;-0.001;0.002;-0.002;-0.0;-0.0;-0.0;1.0;-0.0;-0.0;-0.0;-0.0;-0.001;-0.0;-0.0;-0.001;-0.001;-0.002;-0.002;-0.002;-0.002;-0.002;-0.001;-0.001;-0.001;-0.001;-0.001;-0.001;-0.001;-0.001;-0.001;-0.002;-0.001;-0.001;-0.001;-0.001;-0.001;-0.002;-0.001;-0.001;-0.001;-0.002;-0.001;-0.001;-0.002;-0.002;-0.001;-0.001;-0.001;-0.001;-0.001;-0.0;-0.001;-0.002;-0.001;-0.001;-0.0;-0.001;-0.001;-0.001;-0.0;-0.0;-0.001;-0.002;-0.001;-0.001;-0.0;-0.0;-0.001;-0.001;-0.0;-0.001;-0.001;-0.001;-0.001;-0.001;-0.001;-0.0;-0.001;-0.001;-0.001;-0.001;-0.0;-0.0;-0.0;-0.001;-0.001;-0.0;-0.001;-0.0;-0.0;-0.0;-0.0;-0.0;-0.0;-0.0;-0.026;-0.007
index__org:resource_0_User_106;-0.001;-0.0;-0.0;-0.001;0.002;-0.002;-0.0;-0.0;-0.0;-0.0;1.0;-0.0;-0.0;-0.0;-0.001;-0.0;-0.0;-0.001;-0.001;-0.002;-0.002;-0.002;-0.001;-0.001;-0.001;-0.001;-0.001;-0.0;-0.001;-0.001;-0.001;-0.001;-0.001;-0.002;-0.001;-0.001;-0.001;-0.001;-0.001;-0.001;-0.001;-0.001;-0.001;-0.002;-0.001;-0.001;-0.001;-0.001;-0.001;-0.001;-0.001;-0.001;-0.001;-0.0;-0.001;-0.001;-0.001;-0.001;-0.0;-0.001;-0.001;-0.001;-0.0;-0.0;-0.001;-0.001;-0.001;-0.001;-0.0;-0.0;-0.001;-0.001;-0.0;-0.001;-0.001;-0.001;-0.001;-0.001;-0.001;-0.0;-0.0;-0.001;-0.001;-0.001;-0.0;-0.0;-0.0;-0.001;-0.001;-0.0;-0.001;-0.0;-0.0;-0.0;-0.0;-0.0;-0.0;-0.0;-0.024;-0.006
index__org:resource_0_User_107;-0.0;-0.0;-0.0;-0.0;0.001;-0.001;-0.0;-0.0;-0.0;-0.0;-0.0;1.0;-0.0;-0.0;-0.0;-0.0;-0.0;-0.0;-0.0;-0.001;-0.001;-0.001;-0.0;-0.001;-0.0;-0.0;-0.0;-0.0;-0.0;-0.0;-0.0;-0.0;-0.0;-0.001;-0.0;-0.0;-0.0;-0.0;-0.0;-0.001;-0.0;-0.0;-0.0;-0.001;-0.0;-0.0;-0.0;-0.0;-0.0;-0.0;-0.0;-0.0;-0.0;-0.0;-0.0;-0.001;-0.0;-0.0;-0.0;-0.0;-0.0;-0.0;-0.0;-0.0;-0.0;-0.0;-0.0;-0.0;-0.0;-0.0;-0.0;-0.0;-0.0;-0.0;-0.0;-0.0;-0.0;-0.0;-0.0;-0.0;-0.0;-0.0;-0.0;-0.0;-0.0;-0.0;-0.0;-0.0;-0.0;-0.0;-0.0;-0.0;-0.0;-0.0;-0.0;-0.0;-0.0;-0.0;-0.008;-0.002
index__org:resource_0_User_108;-0.001;-0.0;-0.0;-0.001;0.001;-0.001;-0.0;-0.0;-0.0;-0.0;-0.0;-0.0;1.0;-0.0;-0.001;-0.0;-0.0;-0.001;-0.001;-0.001;-0.001;-0.001;-0.001;-0.001;-0.001;-0.001;-0.001;-0.0;-0.001;-0.001;-0.001;-0.001;-0.0;-0.001;-0.001;-0.001;-0.0;-0.0;-0.001;-0.001;-0.001;-0.001;-0.001;-0.001;-0.001;-0.001;-0.001;-0.001;-0.001;-0.001;-0.001;-0.001;-0.001;-0.0;-0.001;-0.001;-0.0;-0.001;-0.0;-0.0;-0.001;-0.001;-0.0;-0.0;-0.001;-0.001;-0.0;-0.0;-0.0;-0.0;-0.0;-0.001;-0.0;-0.001;-0.001;-0.001;-0.0;-0.0;-0.0;-0.0;-0.0;-0.0;-0.0;-0.0;-0.0;-0.0;-0.0;-0.0;-0.0;-0.0;-0.0;-0.0;-0.0;-0.0;-0.0;-0.0;-0.0;-0.0;-0.014;-0.004
index__org:resource_0_User_109;-0.002;-0.001;-0.0;-0.002;0.003;-0.003;-0.0;-0.0;-0.0;-0.0;-0.0;-0.0;-0.0;1.0;-0.002;-0.0;-0.0;-0.002;-0.002;-0.003;-0.003;-0.003;-0.002;-0.002;-0.002;-0.001;-0.002;-0.001;-0.002;-0.002;-0.001;-0.002;-0.001;-0.003;-0.002;-0.001;-0.001;-0.001;-0.002;-0.002;-0.002;-0.002;-0.002;-0.003;-0.002;-0.002;-0.002;-0.002;-0.002;-0.002;-0.002;-0.002;-0.002;-0.001;-0.002;-0.002;-0.001;-0.001;-0.001;-0.001;-0.002;-0.002;-0.001;-0.001;-0.002;-0.002;-0.001;-0.001;-0.001;-0.001;-0.001;-0.002;-0.001;-0.002;-0.001;-0.002;-0.001;-0.001;-0.001;-0.001;-0.001;-0.001;-0.001;-0.001;-0.0;-0.0;-0.001;-0.001;-0.001;-0.0;-0.001;-0.0;-0.0;-0.0;-0.0;-0.001;-0.0;-0.0;-0.039;-0.01
index__org:resource_0_User_11;-0.005;-0.002;-0.0;0.003;0.002;-0.008;-0.001;-0.001;-0.001;-0.001;-0.001;-0.0;-0.001;-0.002;1.0;-0.001;-0.001;-0.004;-0.004;-0.006;-0.006;-0.006;-0.005;-0.005;-0.004;-0.003;-0.005;-0.002;-0.005;-0.005;-0.003;-0.005;-0.003;-0.006;-0.004;-0.003;-0.002;-0.003;-0.005;-0.006;-0.005;-0.004;-0.004;-0.006;-0.004;-0.005;-0.005;-0.005;-0.004;-0.005;-0.005;-0.003;-0.004;-0.002;-0.004;-0.005;-0.003;-0.003;-0.001;-0.003;-0.004;-0.004;-0.002;-0.001;-0.005;-0.005;-0.002;-0.003;-0.002;-0.002;-0.002;-0.004;-0.001;-0.004;-0.003;-0.004;-0.002;-0.003;-0.002;-0.002;-0.002;-0.003;-0.002;-0.002;-0.0;-0.001;-0.002;-0.002;-0.002;-0.001;-0.003;-0.001;-0.001;-0.001;-0.001;-0.001;-0.001;-0.001;-0.091;-0.013
index__org:resource_0_User_110;-0.001;-0.0;-0.0;-0.001;0.001;-0.002;-0.0;-0.0;-0.0;-0.0;-0.0;-0.0;-0.0;-0.0;-0.001;1.0;-0.0;-0.001;-0.001;-0.001;-0.001;-0.001;-0.001;-0.001;-0.001;-0.001;-0.001;-0.0;-0.001;-0.001;-0.001;-0.001;-0.001;-0.001;-0.001;-0.001;-0.0;-0.001;-0.001;-0.001;-0.001;-0.001;-0.001;-0.001;-0.001;-0.001;-0.001;-0.001;-0.001;-0.001;-0.001;-0.001;-0.001;-0.0;-0.001;-0.001;-0.001;-0.001;-0.0;-0.001;-0.001;-0.001;-0.0;-0.0;-0.001;-0.001;-0.0;-0.001;-0.0;-0.0;-0.001;-0.001;-0.0;-0.001;-0.001;-0.001;-0.0;-0.001;-0.0;-0.0;-0.0;-0.001;-0.0;-0.0;-0.0;-0.0;-0.0;-0.0;-0.0;-0.0;-0.001;-0.0;-0.0;-0.0;-0.0;-0.0;-0.0;-0.0;-0.019;-0.005
index__org:resource_0_User_111;-0.001;-0.0;-0.0;-0.001;0.001;-0.001;-0.0;-0.0;-0.0;-0.0;-0.0;-0.0;-0.0;-0.0;-0.001;-0.0;1.0;-0.001;-0.001;-0.001;-0.001;-0.001;-0.001;-0.001;-0.001;-0.001;-0.001;-0.0;-0.001;-0.001;-0.001;-0.001;-0.0;-0.001;-0.001;-0.001;-0.0;-0.0;-0.001;-0.001;-0.001;-0.001;-0.001;-0.001;-0.001;-0.001;-0.001;-0.001;-0.001;-0.001;-0.001;-0.001;-0.001;-0.0;-0.001;-0.001;-0.0;-0.001;-0.0;-0.0;-0.001;-0.001;-0.0;-0.0;-0.001;-0.001;-0.0;-0.0;-0.0;-0.0;-0.0;-0.001;-0.0;-0.001;-0.001;-0.001;-0.0;-0.0;-0.0;-0.0;-0.0;-0.0;-0.0;-0.0;-0.0;-0.0;-0.0;-0.0;-0.0;-0.0;-0.0;-0.0;-0.0;-0.0;-0.0;-0.0;-0.0;-0.0;-0.014;0.017
index__org:resource_0_User_12;-0.0;-0.002;-0.001;0.001;0.0;-0.009;-0.001;-0.001;-0.001;-0.001;-0.001;-0.0;-0.001;-0.002;-0.004;-0.001;-0.001;1.0;-0.005;-0.007;-0.007;-0.008;-0.006;-0.006;-0.005;-0.004;-0.006;-0.002;-0.006;-0.006;-0.004;-0.006;-0.004;-0.007;-0.005;-0.004;-0.003;-0.003;-0.006;-0.007;-0.006;-0.005;-0.005;-0.007;-0.005;-0.006;-0.006;-0.006;-0.004;-0.006;-0.006;-0.004;-0.005;-0.002;-0.005;-0.007;-0.004;-0.004;-0.002;-0.003;-0.005;-0.005;-0.002;-0.002;-0.006;-0.006;-0.003;-0.004;-0.002;-0.002;-0.003;-0.004;-0.002;-0.005;-0.004;-0.005;-0.003;-0.003;-0.002;-0.002;-0.002;-0.003;-0.002;-0.003;-0.001;-0.001;-0.002;-0.003;-0.003;-0.001;-0.003;-0.001;-0.001;-0.001;-0.001;-0.002;-0.001;-0.001;-0.108;-0.001
index__org:resource_0_User_13;-0.006;-0.002;-0.001;-0.005;0.008;-0.008;-0.001;-0.001;-0.001;-0.001;-0.001;-0.0;-0.001;-0.002;-0.004;-0.001;-0.001;-0.005;1.0;-0.007;-0.006;-0.007;-0.006;-0.006;-0.005;-0.004;-0.005;-0.002;-0.006;-0.005;-0.004;-0.005;-0.004;-0.007;-0.005;-0.004;-0.002;-0.003;-0.006;-0.006;-0.005;-0.004;-0.005;-0.007;-0.005;-0.006;-0.006;-0.006;-0.004;-0.005;-0.005;-0.004;-0.005;-0.002;-0.005;-0.006;-0.003;-0.004;-0.002;-0.003;-0.004;-0.004;-0.002;-0.002;-0.006;-0.006;-0.003;-0.003;-0.002;-0.002;-0.003;-0.004;-0.001;-0.004;-0.004;-0.005;-0.002;-0.003;-0.002;-0.002;-0.002;-0.003;-0.002;-0.003;-0.001;-0.001;-0.002;-0.003;-0.002;-0.001;-0.003;-0.001;-0.001;-0.001;-0.001;-0.001;-0.001;-0.001;-0.102;-0.012
index__org:resource_0_User_14;-0.004;-0.003;-0.001;0.006;0.0;-0.013;-0.001;-0.001;-0.001;-0.002;-0.002;-0.001;-0.001;-0.003;-0.006;-0.001;-0.001;-0.007;-0.007;1.0;-0.01;-0.011;-0.009;-0.009;-0.007;-0.006;-0.008;-0.003;-0.008;-0.008;-0.005;-0.008;-0.005;-0.01;-0.007;-0.006;-0.004;-0.004;-0.008;-0.009;-0.008;-0.007;-0.007;-0.01;-0.007;-0.008;-0.009;-0.009;-0.006;-0.008;-0.008;-0.006;-0.007;-0.003;-0.007;-0.009;-0.005;-0.006;-0.002;-0.005;-0.007;-0.006;-0.003;-0.002;-0.008;-0.009;-0.004;-0.005;-0.003;-0.003;-0.004;-0.006;-0.002;-0.007;-0.006;-0.007;-0.004;-0.005;-0.003;-0.003;-0.003;-0.004;-0.003;-0.004;-0.001;-0.002;-0.003;-0.004;-0.004;-0.002;-0.004;-0.002;-0.002;-0.002;-0.002;-0.002;-0.001;-0.001;-0.152;-0.008
index__org:resource_0_User_15;0.001;-0.003;-0.001;-0.002;0.001;-0.012;-0.001;-0.001;-0.001;-0.002;-0.002;-0.001;-0.001;-0.003;-0.006;-0.001;-0.001;-0.007;-0.006;-0.01;1.0;-0.01;-0.008;-0.008;-0.007;-0.005;-0.007;-0.003;-0.008;-0.007;-0.005;-0.007;-0.005;-0.009;-0.006;-0.005;-0.003;-0.004;-0.008;-0.009;-0.007;-0.006;-0.007;-0.009;-0.006;-0.008;-0.008;-0.008;-0.006;-0.007;-0.008;-0.005;-0.007;-0.002;-0.007;-0.008;-0.005;-0.005;-0.002;-0.004;-0.006;-0.006;-0.002;-0.002;-0.008;-0.008;-0.003;-0.005;-0.002;-0.002;-0.004;-0.005;-0.002;-0.006;-0.005;-0.006;-0.003;-0.004;-0.003;-0.003;-0.003;-0.004;-0.003;-0.003;-0.001;-0.002;-0.002;-0.004;-0.003;-0.002;-0.004;-0.002;-0.001;-0.002;-0.002;-0.002;-0.001;-0.001;-0.14;-0.016
index__org:resource_0_User_16;-0.004;0.007;-0.001;-0.003;0.003;-0.013;-0.001;-0.001;-0.001;-0.002;-0.002;-0.001;-0.001;-0.003;-0.006;-0.001;-0.001;-0.008;-0.007;-0.011;-0.01;1.0;-0.009;-0.009;-0.007;-0.006;-0.008;-0.003;-0.008;-0.008;-0.005;-0.008;-0.005;-0.01;-0.007;-0.006;-0.004;-0.004;-0.008;-0.009;-0.008;-0.007;-0.007;-0.01;-0.007;-0.008;-0.009;-0.009;-0.006;-0.008;-0.008;-0.006;-0.007;-0.003;-0.007;-0.009;-0.005;-0.006;-0.002;-0.005;-0.007;-0.006;-0.003;-0.002;-0.008;-0.009;-0.004;-0.005;-0.003;-0.003;-0.004;-0.006;-0.002;-0.007;-0.006;-0.007;-0.004;-0.005;-0.003;-0.003;-0.003;-0.004;-0.003;-0.004;-0.001;-0.002;-0.003;-0.004;-0.004;-0.002;-0.004;-0.002;-0.002;-0.002;-0.002;-0.002;-0.001;-0.001;-0.152;-0.001
index__org:resource_0_User_17;0.003;-0.003;-0.001;-0.006;0.003;-0.01;-0.001;-0.001;-0.001;-0.002;-0.001;-0.0;-0.001;-0.002;-0.005;-0.001;-0.001;-0.006;-0.006;-0.009;-0.008;-0.009;1.0;-0.008;-0.006;-0.005;-0.007;-0.002;-0.007;-0.006;-0.004;-0.007;-0.004;-0.008;-0.006;-0.005;-0.003;-0.004;-0.007;-0.008;-0.006;-0.005;-0.006;-0.009;-0.006;-0.007;-0.007;-0.007;-0.005;-0.006;-0.007;-0.005;-0.006;-0.002;-0.006;-0.008;-0.004;-0.005;-0.002;-0.004;-0.005;-0.005;-0.002;-0.002;-0.007;-0.007;-0.003;-0.004;-0.002;-0.002;-0.003;-0.005;-0.002;-0.006;-0.005;-0.006;-0.003;-0.004;-0.003;-0.002;-0.002;-0.004;-0.003;-0.003;-0.001;-0.002;-0.002;-0.003;-0.003;-0.002;-0.003;-0.002;-0.001;-0.001;-0.002;-0.002;-0.001;-0.001;-0.126;-0.013
index__org:resource_0_User_18;-0.003;-0.003;-0.001;-0.006;0.007;-0.011;-0.001;-0.001;-0.001;-0.002;-0.001;-0.001;-0.001;-0.002;-0.005;-0.001;-0.001;-0.006;-0.006;-0.009;-0.008;-0.009;-0.008;1.0;-0.006;-0.005;-0.007;-0.003;-0.007;-0.007;-0.005;-0.007;-0.005;-0.009;-0.006;-0.005;-0.003;-0.004;-0.007;-0.008;-0.007;-0.006;-0.006;-0.009;-0.006;-0.007;-0.008;-0.008;-0.005;-0.007;-0.007;-0.005;-0.006;-0.002;-0.006;-0.008;-0.004;-0.005;-0.002;-0.004;-0.006;-0.005;-0.002;-0.002;-0.007;-0.008;-0.003;-0.004;-0.002;-0.002;-0.004;-0.005;-0.002;-0.006;-0.005;-0.006;-0.003;-0.004;-0.003;-0.002;-0.003;-0.004;-0.003;-0.003;-0.001;-0.002;-0.002;-0.003;-0.003;-0.002;-0.004;-0.002;-0.001;-0.002;-0.002;-0.002;-0.001;-0.001;-0.132;-0.007
index__org:resource_0_User_19;-0.0;-0.002;-0.001;0.008;-0.004;-0.009;-0.001;-0.001;-0.001;-0.001;-0.001;-0.0;-0.001;-0.002;-0.004;-0.001;-0.001;-0.005;-0.005;-0.007;-0.007;-0.007;-0.006;-0.006;1.0;-0.004;-0.006;-0.002;-0.006;-0.006;-0.004;-0.006;-0.004;-0.007;-0.005;-0.004;-0.002;-0.003;-0.006;-0.007;-0.006;-0.005;-0.005;-0.007;-0.005;-0.006;-0.006;-0.006;-0.004;-0.006;-0.006;-0.004;-0.005;-0.002;-0.005;-0.006;-0.004;-0.004;-0.002;-0.003;-0.005;-0.004;-0.002;-0.002;-0.006;-0.006;-0.003;-0.004;-0.002;-0.002;-0.003;-0.004;-0.002;-0.005;-0.004;-0.005;-0.003;-0.003;-0.002;-0.002;-0.002;-0.003;-0.002;-0.003;-0.001;-0.001;-0.002;-0.003;-0.003;-0.001;-0.003;-0.001;-0.001;-0.001;-0.001;-0.002;-0.001;-0.001;-0.108;-0.016
index__org:resource_0_User_20;-0.004;-0.002;-0.0;-0.004;0.006;-0.007;-0.001;-0.001;-0.001;-0.001;-0.001;-0.0;-0.001;-0.001;-0.003;-0.001;-0.001;-0.004;-0.004;-0.006;-0.005;-0.006;-0.005;-0.005;-0.004;1.0;-0.004;-0.002;-0.004;-0.004;-0.003;-0.004;-0.003;-0.005;-0.004;-0.003;-0.002;-0.002;-0.004;-0.005;-0.004;-0.003;-0.004;-0.005;-0.004;-0.004;-0.005;-0.005;-0.003;-0.004;-0.004;-0.003;-0.004;-0.001;-0.004;-0.005;-0.003;-0.003;-0.001;-0.002;-0.003;-0.003;-0.001;-0.001;-0.004;-0.005;-0.002;-0.003;-0.001;-0.001;-0.002;-0.003;-0.001;-0.004;-0.003;-0.004;-0.002;-0.002;-0.002;-0.001;-0.002;-0.002;-0.002;-0.002;-0.0;-0.001;-0.001;-0.002;-0.002;-0.001;-0.002;-0.001;-0.001;-0.001;-0.001;-0.001;-0.001;-0.001;-0.08;-0.009
index__org:resource_0_User_21;0.004;-0.002;-0.001;0.006;-0.006;-0.01;-0.001;-0.001;-0.001;-0.001;-0.001;-0.0;-0.001;-0.002;-0.005;-0.001;-0.001;-0.006;-0.005;-0.008;-0.007;-0.008;-0.007;-0.007;-0.006;-0.004;1.0;-0.002;-0.006;-0.006;-0.004;-0.006;-0.004;-0.008;-0.005;-0.004;-0.003;-0.003;-0.006;-0.007;-0.006;-0.005;-0.006;-0.008;-0.005;-0.006;-0.007;-0.007;-0.005;-0.006;-0.006;-0.004;-0.006;-0.002;-0.005;-0.007;-0.004;-0.004;-0.002;-0.003;-0.005;-0.005;-0.002;-0.002;-0.006;-0.007;-0.003;-0.004;-0.002;-0.002;-0.003;-0.005;-0.002;-0.005;-0.004;-0.005;-0.003;-0.004;-0.002;-0.002;-0.002;-0.003;-0.003;-0.003;-0.001;-0.001;-0.002;-0.003;-0.003;-0.001;-0.003;-0.001;-0.001;-0.001;-0.001;-0.002;-0.001;-0.001;-0.116;0.002
index__org:resource_0_User_22;-0.002;-0.001;-0.0;-0.002;0.003;-0.004;-0.0;-0.0;-0.0;-0.001;-0.0;-0.0;-0.0;-0.001;-0.002;-0.0;-0.0;-0.002;-0.002;-0.003;-0.003;-0.003;-0.002;-0.003;-0.002;-0.002;-0.002;1.0;-0.002;-0.002;-0.002;-0.002;-0.002;-0.003;-0.002;-0.002;-0.001;-0.001;-0.002;-0.003;-0.002;-0.002;-0.002;-0.003;-0.002;-0.002;-0.002;-0.003;-0.002;-0.002;-0.002;-0.002;-0.002;-0.001;-0.002;-0.003;-0.001;-0.002;-0.001;-0.001;-0.002;-0.002;-0.001;-0.001;-0.002;-0.003;-0.001;-0.001;-0.001;-0.001;-0.001;-0.002;-0.001;-0.002;-0.002;-0.002;-0.001;-0.001;-0.001;-0.001;-0.001;-0.001;-0.001;-0.001;-0.0;-0.001;-0.001;-0.001;-0.001;-0.001;-0.001;-0.001;-0.0;-0.0;-0.001;-0.001;-0.0;-0.0;-0.044;-0.001
index__org:resource_0_User_23;-0.007;-0.003;-0.001;0.006;0.002;-0.01;-0.001;-0.001;-0.001;-0.001;-0.001;-0.0;-0.001;-0.002;-0.005;-0.001;-0.001;-0.006;-0.006;-0.008;-0.008;-0.008;-0.007;-0.007;-0.006;-0.004;-0.006;-0.002;1.0;-0.006;-0.004;-0.006;-0.004;-0.008;-0.005;-0.004;-0.003;-0.004;-0.007;-0.007;-0.006;-0.005;-0.006;-0.008;-0.005;-0.007;-0.007;-0.007;-0.005;-0.006;-0.006;-0.005;-0.006;-0.002;-0.006;-0.007;-0.004;-0.004;-0.002;-0.004;-0.005;-0.005;-0.002;-0.002;-0.007;-0.007;-0.003;-0.004;-0.002;-0.002;-0.003;-0.005;-0.002;-0.005;-0.005;-0.005;-0.003;-0.004;-0.003;-0.002;-0.002;-0.003;-0.003;-0.003;-0.001;-0.001;-0.002;-0.003;-0.003;-0.001;-0.003;-0.002;-0.001;-0.001;-0.002;-0.002;-0.001;-0.001;-0.12;-0.016
index__org:resource_0_User_24;-0.001;-0.002;-0.001;0.001;0.001;-0.009;-0.001;-0.001;-0.001;-0.001;-0.001;-0.0;-0.001;-0.002;-0.005;-0.001;-0.001;-0.006;-0.005;-0.008;-0.007;-0.008;-0.006;-0.007;-0.006;-0.004;-0.006;-0.002;-0.006;1.0;-0.004;-0.006;-0.004;-0.007;-0.005;-0.004;-0.003;-0.003;-0.006;-0.007;-0.006;-0.005;-0.006;-0.008;-0.005;-0.006;-0.006;-0.007;-0.004;-0.006;-0.006;-0.004;-0.005;-0.002;-0.005;-0.007;-0.004;-0.004;-0.002;-0.003;-0.005;-0.005;-0.002;-0.002;-0.006;-0.007;-0.003;-0.004;-0.002;-0.002;-0.003;-0.004;-0.002;-0.005;-0.004;-0.005;-0.003;-0.004;-0.002;-0.002;-0.002;-0.003;-0.003;-0.003;-0.001;-0.001;-0.002;-0.003;-0.003;-0.001;-0.003;-0.001;-0.001;-0.001;-0.001;-0.002;-0.001;-0.001;-0.113;-0.007
index__org:resource_0_User_25;0.004;-0.002;-0.0;-0.004;0.0;-0.006;-0.001;-0.001;-0.001;-0.001;-0.001;-0.0;-0.001;-0.001;-0.003;-0.001;-0.001;-0.004;-0.004;-0.005;-0.005;-0.005;-0.004;-0.005;-0.004;-0.003;-0.004;-0.002;-0.004;-0.004;1.0;-0.004;-0.003;-0.005;-0.003;-0.003;-0.002;-0.002;-0.004;-0.005;-0.004;-0.003;-0.004;-0.005;-0.003;-0.004;-0.004;-0.005;-0.003;-0.004;-0.004;-0.003;-0.004;-0.001;-0.004;-0.005;-0.003;-0.003;-0.001;-0.002;-0.003;-0.003;-0.001;-0.001;-0.004;-0.005;-0.002;-0.003;-0.001;-0.001;-0.002;-0.003;-0.001;-0.003;-0.003;-0.003;-0.002;-0.002;-0.002;-0.001;-0.001;-0.002;-0.002;-0.002;-0.0;-0.001;-0.001;-0.002;-0.002;-0.001;-0.002;-0.001;-0.001;-0.001;-0.001;-0.001;-0.001;-0.001;-0.076;-0.009
index__org:resource_0_User_26;-0.001;-0.002;-0.001;0.0;0.001;-0.01;-0.001;-0.001;-0.001;-0.001;-0.001;-0.0;-0.001;-0.002;-0.005;-0.001;-0.001;-0.006;-0.005;-0.008;-0.007;-0.008;-0.007;-0.007;-0.006;-0.004;-0.006;-0.002;-0.006;-0.006;-0.004;1.0;-0.004;-0.008;-0.005;-0.004;-0.003;-0.003;-0.006;-0.007;-0.006;-0.005;-0.006;-0.008;-0.005;-0.006;-0.007;-0.007;-0.005;-0.006;-0.006;-0.004;-0.006;-0.002;-0.006;-0.007;-0.004;-0.004;-0.002;-0.003;-0.005;-0.005;-0.002;-0.002;-0.006;-0.007;-0.003;-0.004;-0.002;-0.002;-0.003;-0.005;-0.002;-0.005;-0.004;-0.005;-0.003;-0.004;-0.002;-0.002;-0.002;-0.003;-0.003;-0.003;-0.001;-0.001;-0.002;-0.003;-0.003;-0.001;-0.003;-0.001;-0.001;-0.001;-0.001;-0.002;-0.001;-0.001;-0.116;-0.002
index__org:resource_0_User_27;-0.004;-0.002;-0.0;0.005;0.0;-0.006;-0.0;-0.001;-0.001;-0.001;-0.001;-0.0;-0.0;-0.001;-0.003;-0.001;-0.0;-0.004;-0.004;-0.005;-0.005;-0.005;-0.004;-0.005;-0.004;-0.003;-0.004;-0.002;-0.004;-0.004;-0.003;-0.004;1.0;-0.005;-0.003;-0.003;-0.002;-0.002;-0.004;-0.005;-0.004;-0.003;-0.004;-0.005;-0.003;-0.004;-0.004;-0.004;-0.003;-0.004;-0.004;-0.003;-0.004;-0.001;-0.004;-0.005;-0.003;-0.003;-0.001;-0.002;-0.003;-0.003;-0.001;-0.001;-0.004;-0.004;-0.002;-0.002;-0.001;-0.001;-0.002;-0.003;-0.001;-0.003;-0.003;-0.003;-0.002;-0.002;-0.002;-0.001;-0.001;-0.002;-0.002;-0.002;-0.0;-0.001;-0.001;-0.002;-0.002;-0.001;-0.002;-0.001;-0.001;-0.001;-0.001;-0.001;-0.001;-0.001;-0.076;0.004
index__org:resource_0_User_28;-0.004;0.008;-0.001;0.003;-0.001;-0.012;-0.001;-0.001;-0.001;-0.002;-0.002;-0.001;-0.001;-0.003;-0.006;-0.001;-0.001;-0.007;-0.007;-0.01;-0.009;-0.01;-0.008;-0.009;-0.007;-0.005;-0.008;-0.003;-0.008;-0.007;-0.005;-0.008;-0.005;1.0;-0.006;-0.005;-0.003;-0.004;-0.008;-0.009;-0.007;-0.006;-0.007;-0.01;-0.007;-0.008;-0.008;-0.009;-0.006;-0.007;-0.008;-0.006;-0.007;-0.002;-0.007;-0.009;-0.005;-0.005;-0.002;-0.004;-0.006;-0.006;-0.002;-0.002;-0.008;-0.009;-0.004;-0.005;-0.002;-0.002;-0.004;-0.006;-0.002;-0.006;-0.006;-0.006;-0.003;-0.005;-0.003;-0.003;-0.003;-0.004;-0.003;-0.004;-0.001;-0.002;-0.003;-0.004;-0.003;-0.002;-0.004;-0.002;-0.001;-0.002;-0.002;-0.002;-0.001;-0.001;-0.145;-0.005
index__org:resource_0_User_31;0.001;-0.002;-0.001;0.002;-0.002;-0.008;-0.001;-0.001;-0.001;-0.001;-0.001;-0.0;-0.001;-0.002;-0.004;-0.001;-0.001;-0.005;-0.005;-0.007;-0.006;-0.007;-0.006;-0.006;-0.005;-0.004;-0.005;-0.002;-0.005;-0.005;-0.003;-0.005;-0.003;-0.006;1.0;-0.004;-0.002;-0.003;-0.005;-0.006;-0.005;-0.004;-0.005;-0.007;-0.004;-0.005;-0.006;-0.006;-0.004;-0.005;-0.005;-0.004;-0.005;-0.002;-0.005;-0.006;-0.003;-0.004;-0.001;-0.003;-0.004;-0.004;-0.002;-0.001;-0.005;-0.006;-0.002;-0.003;-0.002;-0.002;-0.003;-0.004;-0.001;-0.004;-0.004;-0.004;-0.002;-0.003;-0.002;-0.002;-0.002;-0.003;-0.002;-0.002;-0.001;-0.001;-0.002;-0.003;-0.002;-0.001;-0.003;-0.001;-0.001;-0.001;-0.001;-0.001;-0.001;-0.001;-0.097;-0.006
index__org:resource_0_User_32;-0.004;-0.002;-0.0;-0.004;0.006;-0.007;-0.001;-0.001;-0.001;-0.001;-0.001;-0.0;-0.001;-0.001;-0.003;-0.001;-0.001;-0.004;-0.004;-0.006;-0.005;-0.006;-0.005;-0.005;-0.004;-0.003;-0.004;-0.002;-0.004;-0.004;-0.003;-0.004;-0.003;-0.005;-0.004;1.0;-0.002;-0.002;-0.004;-0.005;-0.004;-0.004;-0.004;-0.006;-0.004;-0.004;-0.005;-0.005;-0.003;-0.004;-0.004;-0.003;-0.004;-0.001;-0.004;-0.005;-0.003;-0.003;-0.001;-0.002;-0.004;-0.003;-0.001;-0.001;-0.004;-0.005;-0.002;-0.003;-0.001;-0.001;-0.002;-0.003;-0.001;-0.004;-0.003;-0.004;-0.002;-0.003;-0.002;-0.001;-0.002;-0.002;-0.002;-0.002;-0.0;-0.001;-0.001;-0.002;-0.002;-0.001;-0.002;-0.001;-0.001;-0.001;-0.001;-0.001;-0.001;-0.001;-0.082;-0.011
index__org:resource_0_User_33;-0.003;-0.001;-0.0;-0.002;0.004;-0.004;-0.0;-0.0;-0.0;-0.001;-0.001;-0.0;-0.0;-0.001;-0.002;-0.0;-0.0;-0.003;-0.002;-0.004;-0.003;-0.004;-0.003;-0.003;-0.002;-0.002;-0.003;-0.001;-0.003;-0.003;-0.002;-0.003;-0.002;-0.003;-0.002;-0.002;1.0;-0.002;-0.003;-0.003;-0.003;-0.002;-0.003;-0.003;-0.002;-0.003;-0.003;-0.003;-0.002;-0.003;-0.003;-0.002;-0.002;-0.001;-0.002;-0.003;-0.002;-0.002;-0.001;-0.002;-0.002;-0.002;-0.001;-0.001;-0.003;-0.003;-0.001;-0.002;-0.001;-0.001;-0.001;-0.002;-0.001;-0.002;-0.002;-0.002;-0.001;-0.002;-0.001;-0.001;-0.001;-0.001;-0.001;-0.001;-0.0;-0.001;-0.001;-0.001;-0.001;-0.001;-0.001;-0.001;-0.001;-0.001;-0.001;-0.001;-0.0;-0.0;-0.051;-0.004
index__org:resource_0_User_34;-0.004;-0.001;-0.0;-0.003;0.005;-0.005;-0.0;-0.001;-0.0;-0.001;-0.001;-0.0;-0.0;-0.001;-0.003;-0.001;-0.0;-0.003;-0.003;-0.004;-0.004;-0.004;-0.004;-0.004;-0.003;-0.002;-0.003;-0.001;-0.004;-0.003;-0.002;-0.003;-0.002;-0.004;-0.003;-0.002;-0.002;1.0;-0.004;-0.004;-0.003;-0.003;-0.003;-0.004;-0.003;-0.004;-0.004;-0.004;-0.003;-0.003;-0.004;-0.002;-0.003;-0.001;-0.003;-0.004;-0.002;-0.002;-0.001;-0.002;-0.003;-0.003;-0.001;-0.001;-0.004;-0.004;-0.002;-0.002;-0.001;-0.001;-0.002;-0.003;-0.001;-0.003;-0.002;-0.003;-0.002;-0.002;-0.001;-0.001;-0.001;-0.002;-0.001;-0.002;-0.0;-0.001;-0.001;-0.002;-0.002;-0.001;-0.002;-0.001;-0.001;-0.001;-0.001;-0.001;-0.001;-0.001;-0.065;-0.005
index__org:resource_0_User_35;-0.001;0.01;-0.001;-0.006;0.002;-0.01;-0.001;-0.001;-0.001;-0.001;-0.001;-0.0;-0.001;-0.002;-0.005;-0.001;-0.001;-0.006;-0.006;-0.008;-0.008;-0.008;-0.007;-0.007;-0.006;-0.004;-0.006;-0.002;-0.007;-0.006;-0.004;-0.006;-0.004;-0.008;-0.005;-0.004;-0.003;-0.004;1.0;-0.007;-0.006;-0.005;-0.006;-0.008;-0.005;-0.006;-0.007;-0.007;-0.005;-0.006;-0.006;-0.005;-0.006;-0.002;-0.006;-0.007;-0.004;-0.004;-0.002;-0.004;-0.005;-0.005;-0.002;-0.002;-0.007;-0.007;-0.003;-0.004;-0.002;-0.002;-0.003;-0.005;-0.002;-0.005;-0.005;-0.005;-0.003;-0.004;-0.003;-0.002;-0.002;-0.003;-0.003;-0.003;-0.001;-0.001;-0.002;-0.003;-0.003;-0.001;-0.003;-0.002;-0.001;-0.001;-0.002;-0.002;-0.001;-0.001;-0.119;-0.013
index__org:resource_0_User_36;0.002;-0.003;-0.001;0.014;-0.009;-0.011;-0.001;-0.001;-0.001;-0.002;-0.001;-0.001;-0.001;-0.002;-0.006;-0.001;-0.001;-0.007;-0.006;-0.009;-0.009;-0.009;-0.008;-0.008;-0.007;-0.005;-0.007;-0.003;-0.007;-0.007;-0.005;-0.007;-0.005;-0.009;-0.006;-0.005;-0.003;-0.004;-0.007;1.0;-0.007;-0.006;-0.007;-0.009;-0.006;-0.007;-0.008;-0.008;-0.005;-0.007;-0.007;-0.005;-0.007;-0.002;-0.006;-0.008;-0.005;-0.005;-0.002;-0.004;-0.006;-0.006;-0.002;-0.002;-0.007;-0.008;-0.003;-0.004;-0.002;-0.002;-0.004;-0.005;-0.002;-0.006;-0.005;-0.006;-0.003;-0.004;-0.003;-0.002;-0.003;-0.004;-0.003;-0.003;-0.001;-0.002;-0.002;-0.004;-0.003;-0.002;-0.004;-0.002;-0.001;-0.002;-0.002;-0.002;-0.001;-0.001;-0.135;-0.01
index__org:resource_0_User_37;0.004;0.011;-0.001;-0.005;-0.003;-0.009;-0.001;-0.001;-0.001;-0.001;-0.001;-0.0;-0.001;-0.002;-0.005;-0.001;-0.001;-0.006;-0.005;-0.008;-0.007;-0.008;-0.006;-0.007;-0.006;-0.004;-0.006;-0.002;-0.006;-0.006;-0.004;-0.006;-0.004;-0.007;-0.005;-0.004;-0.003;-0.003;-0.006;-0.007;1.0;-0.005;-0.006;-0.008;-0.005;-0.006;-0.006;-0.007;-0.004;-0.006;-0.006;-0.004;-0.005;-0.002;-0.005;-0.007;-0.004;-0.004;-0.002;-0.003;-0.005;-0.005;-0.002;-0.002;-0.006;-0.007;-0.003;-0.004;-0.002;-0.002;-0.003;-0.004;-0.002;-0.005;-0.004;-0.005;-0.003;-0.004;-0.002;-0.002;-0.002;-0.003;-0.003;-0.003;-0.001;-0.001;-0.002;-0.003;-0.003;-0.001;-0.003;-0.001;-0.001;-0.001;-0.001;-0.002;-0.001;-0.001;-0.113;-0.004
index__org:resource_0_User_38;-0.005;-0.002;-0.001;-0.004;0.007;-0.008;-0.001;-0.001;-0.001;-0.001;-0.001;-0.0;-0.001;-0.002;-0.004;-0.001;-0.001;-0.005;-0.004;-0.007;-0.006;-0.007;-0.005;-0.006;-0.005;-0.003;-0.005;-0.002;-0.005;-0.005;-0.003;-0.005;-0.003;-0.006;-0.004;-0.004;-0.002;-0.003;-0.005;-0.006;-0.005;1.0;-0.005;-0.006;-0.004;-0.005;-0.005;-0.006;-0.004;-0.005;-0.005;-0.004;-0.005;-0.002;-0.004;-0.006;-0.003;-0.004;-0.001;-0.003;-0.004;-0.004;-0.002;-0.001;-0.005;-0.006;-0.002;-0.003;-0.002;-0.002;-0.003;-0.004;-0.001;-0.004;-0.004;-0.004;-0.002;-0.003;-0.002;-0.002;-0.002;-0.003;-0.002;-0.002;-0.001;-0.001;-0.002;-0.002;-0.002;-0.001;-0.003;-0.001;-0.001;-0.001;-0.001;-0.001;-0.001;-0.001;-0.095;-0.011
index__org:resource_0_User_39;-0.0;-0.002;-0.001;0.008;-0.004;-0.009;-0.001;-0.001;-0.001;-0.001;-0.001;-0.0;-0.001;-0.002;-0.004;-0.001;-0.001;-0.005;-0.005;-0.007;-0.007;-0.007;-0.006;-0.006;-0.005;-0.004;-0.006;-0.002;-0.006;-0.006;-0.004;-0.006;-0.004;-0.007;-0.005;-0.004;-0.003;-0.003;-0.006;-0.007;-0.006;-0.005;1.0;-0.007;-0.005;-0.006;-0.006;-0.006;-0.004;-0.006;-0.006;-0.004;-0.005;-0.002;-0.005;-0.006;-0.004;-0.004;-0.002;-0.003;-0.005;-0.004;-0.002;-0.002;-0.006;-0.006;-0.003;-0.004;-0.002;-0.002;-0.003;-0.004;-0.002;-0.005;-0.004;-0.005;-0.003;-0.003;-0.002;-0.002;-0.002;-0.003;-0.002;-0.003;-0.001;-0.001;-0.002;-0.003;-0.003;-0.001;-0.003;-0.001;-0.001;-0.001;-0.001;-0.002;-0.001;-0.001;-0.108;-0.01
index__org:resource_0_User_4;-0.004;-0.003;-0.001;-0.002;0.005;-0.012;-0.001;-0.001;-0.001;-0.002;-0.002;-0.001;-0.001;-0.003;-0.006;-0.001;-0.001;-0.007;-0.007;-0.01;-0.009;-0.01;-0.009;-0.009;-0.007;-0.005;-0.008;-0.003;-0.008;-0.008;-0.005;-0.008;-0.005;-0.01;-0.007;-0.006;-0.003;-0.004;-0.008;-0.009;-0.008;-0.006;-0.007;1.0;-0.007;-0.008;-0.008;-0.009;-0.006;-0.008;-0.008;-0.006;-0.007;-0.002;-0.007;-0.009;-0.005;-0.005;-0.002;-0.004;-0.006;-0.006;-0.002;-0.002;-0.008;-0.009;-0.004;-0.005;-0.003;-0.003;-0.004;-0.006;-0.002;-0.007;-0.006;-0.007;-0.004;-0.005;-0.003;-0.003;-0.003;-0.004;-0.003;-0.004;-0.001;-0.002;-0.003;-0.004;-0.004;-0.002;-0.004;-0.002;-0.001;-0.002;-0.002;-0.002;-0.001;-0.001;-0.149;-0.008
index__org:resource_0_User_40;0.001;-0.002;-0.001;-0.005;0.003;-0.008;-0.001;-0.001;-0.001;-0.001;-0.001;-0.0;-0.001;-0.002;-0.004;-0.001;-0.001;-0.005;-0.005;-0.007;-0.006;-0.007;-0.006;-0.006;-0.005;-0.004;-0.005;-0.002;-0.005;-0.005;-0.003;-0.005;-0.003;-0.007;-0.004;-0.004;-0.002;-0.003;-0.005;-0.006;-0.005;-0.004;-0.005;-0.007;1.0;-0.005;-0.006;-0.006;-0.004;-0.005;-0.005;-0.004;-0.005;-0.002;-0.005;-0.006;-0.003;-0.004;-0.002;-0.003;-0.004;-0.004;-0.002;-0.002;-0.005;-0.006;-0.002;-0.003;-0.002;-0.002;-0.003;-0.004;-0.001;-0.004;-0.004;-0.004;-0.002;-0.003;-0.002;-0.002;-0.002;-0.003;-0.002;-0.002;-0.001;-0.001;-0.002;-0.003;-0.002;-0.001;-0.003;-0.001;-0.001;-0.001;-0.001;-0.001;-0.001;-0.001;-0.099;-0.001
index__org:resource_0_User_41;-0.006;-0.002;-0.001;-0.006;0.009;-0.01;-0.001;-0.001;-0.001;-0.001;-0.001;-0.0;-0.001;-0.002;-0.005;-0.001;-0.001;-0.006;-0.006;-0.008;-0.008;-0.008;-0.007;-0.007;-0.006;-0.004;-0.006;-0.002;-0.007;-0.006;-0.004;-0.006;-0.004;-0.008;-0.005;-0.004;-0.003;-0.004;-0.006;-0.007;-0.006;-0.005;-0.006;-0.008;-0.005;1.0;-0.007;-0.007;-0.005;-0.006;-0.006;-0.005;-0.006;-0.002;-0.006;-0.007;-0.004;-0.004;-0.002;-0.004;-0.005;-0.005;-0.002;-0.002;-0.007;-0.007;-0.003;-0.004;-0.002;-0.002;-0.003;-0.005;-0.002;-0.005;-0.005;-0.005;-0.003;-0.004;-0.003;-0.002;-0.002;-0.003;-0.003;-0.003;-0.001;-0.001;-0.002;-0.003;-0.003;-0.001;-0.003;-0.002;-0.001;-0.001;-0.002;-0.002;-0.001;-0.001;-0.12;-0.011
index__org:resource_0_User_42;0.003;-0.003;-0.001;-0.006;0.003;-0.01;-0.001;-0.001;-0.001;-0.002;-0.001;-0.0;-0.001;-0.002;-0.005;-0.001;-0.001;-0.006;-0.006;-0.009;-0.008;-0.009;-0.007;-0.008;-0.006;-0.005;-0.007;-0.002;-0.007;-0.006;-0.004;-0.007;-0.004;-0.008;-0.006;-0.005;-0.003;-0.004;-0.007;-0.008;-0.006;-0.005;-0.006;-0.008;-0.006;-0.007;1.0;-0.007;-0.005;-0.006;-0.007;-0.005;-0.006;-0.002;-0.006;-0.008;-0.004;-0.005;-0.002;-0.004;-0.005;-0.005;-0.002;-0.002;-0.007;-0.007;-0.003;-0.004;-0.002;-0.002;-0.003;-0.005;-0.002;-0.006;-0.005;-0.006;-0.003;-0.004;-0.003;-0.002;-0.002;-0.004;-0.003;-0.003;-0.001;-0.002;-0.002;-0.003;-0.003;-0.002;-0.003;-0.002;-0.001;-0.001;-0.002;-0.002;-0.001;-0.001;-0.125;-0.006
index__org:resource_0_User_43;-0.002;-0.003;-0.001;0.004;-0.0;-0.011;-0.001;-0.001;-0.001;-0.002;-0.001;-0.0;-0.001;-0.002;-0.005;-0.001;-0.001;-0.006;-0.006;-0.009;-0.008;-0.009;-0.007;-0.008;-0.006;-0.005;-0.007;-0.003;-0.007;-0.007;-0.005;-0.007;-0.004;-0.009;-0.006;-0.005;-0.003;-0.004;-0.007;-0.008;-0.007;-0.006;-0.006;-0.009;-0.006;-0.007;-0.007;1.0;-0.005;-0.007;-0.007;-0.005;-0.006;-0.002;-0.006;-0.008;-0.004;-0.005;-0.002;-0.004;-0.006;-0.005;-0.002;-0.002;-0.007;-0.008;-0.003;-0.004;-0.002;-0.002;-0.004;-0.005;-0.002;-0.006;-0.005;-0.006;-0.003;-0.004;-0.003;-0.002;-0.003;-0.004;-0.003;-0.003;-0.001;-0.002;-0.002;-0.003;-0.003;-0.002;-0.004;-0.002;-0.001;-0.001;-0.002;-0.002;-0.001;-0.001;-0.13;-0.005
index__org:resource_0_User_44;0.002;-0.002;-0.0;-0.004;0.002;-0.007;-0.001;-0.001;-0.001;-0.001;-0.001;-0.0;-0.001;-0.002;-0.004;-0.001;-0.001;-0.004;-0.004;-0.006;-0.006;-0.006;-0.005;-0.005;-0.004;-0.003;-0.005;-0.002;-0.005;-0.004;-0.003;-0.005;-0.003;-0.006;-0.004;-0.003;-0.002;-0.003;-0.005;-0.005;-0.004;-0.004;-0.004;-0.006;-0.004;-0.005;-0.005;-0.005;1.0;-0.004;-0.005;-0.003;-0.004;-0.001;-0.004;-0.005;-0.003;-0.003;-0.001;-0.003;-0.004;-0.004;-0.001;-0.001;-0.005;-0.005;-0.002;-0.003;-0.001;-0.001;-0.002;-0.003;-0.001;-0.004;-0.003;-0.004;-0.002;-0.003;-0.002;-0.002;-0.002;-0.002;-0.002;-0.002;-0.0;-0.001;-0.002;-0.002;-0.002;-0.001;-0.002;-0.001;-0.001;-0.001;-0.001;-0.001;-0.001;-0.001;-0.087;0.006
index__org:resource_0_User_45;-0.006;-0.002;-0.001;-0.005;0.008;-0.009;-0.001;-0.001;-0.001;-0.001;-0.001;-0.0;-0.001;-0.002;-0.005;-0.001;-0.001;-0.006;-0.005;-0.008;-0.007;-0.008;-0.006;-0.007;-0.006;-0.004;-0.006;-0.002;-0.006;-0.006;-0.004;-0.006;-0.004;-0.007;-0.005;-0.004;-0.003;-0.003;-0.006;-0.007;-0.006;-0.005;-0.006;-0.008;-0.005;-0.006;-0.006;-0.007;-0.004;1.0;-0.006;-0.004;-0.005;-0.002;-0.005;-0.007;-0.004;-0.004;-0.002;-0.003;-0.005;-0.005;-0.002;-0.002;-0.006;-0.007;-0.003;-0.004;-0.002;-0.002;-0.003;-0.004;-0.002;-0.005;-0.004;-0.005;-0.003;-0.004;-0.002;-0.002;-0.002;-0.003;-0.003;-0.003;-0.001;-0.001;-0.002;-0.003;-0.003;-0.001;-0.003;-0.001;-0.001;-0.001;-0.001;-0.002;-0.001;-0.001;-0.113;-0.011
index__org:resource_0_User_46;-0.006;-0.002;-0.001;0.006;0.002;-0.01;-0.001;-0.001;-0.001;-0.001;-0.001;-0.0;-0.001;-0.002;-0.005;-0.001;-0.001;-0.006;-0.005;-0.008;-0.008;-0.008;-0.007;-0.007;-0.006;-0.004;-0.006;-0.002;-0.006;-0.006;-0.004;-0.006;-0.004;-0.008;-0.005;-0.004;-0.003;-0.004;-0.006;-0.007;-0.006;-0.005;-0.006;-0.008;-0.005;-0.006;-0.007;-0.007;-0.005;-0.006;1.0;-0.005;-0.006;-0.002;-0.006;-0.007;-0.004;-0.004;-0.002;-0.004;-0.005;-0.005;-0.002;-0.002;-0.006;-0.007;-0.003;-0.004;-0.002;-0.002;-0.003;-0.005;-0.002;-0.005;-0.005;-0.005;-0.003;-0.004;-0.003;-0.002;-0.002;-0.003;-0.003;-0.003;-0.001;-0.001;-0.002;-0.003;-0.003;-0.001;-0.003;-0.001;-0.001;-0.001;-0.001;-0.002;-0.001;-0.001;-0.119;0.003
index__org:resource_0_User_47;-0.005;-0.002;-0.0;0.004;0.001;-0.007;-0.001;-0.001;-0.001;-0.001;-0.001;-0.0;-0.001;-0.002;-0.003;-0.001;-0.001;-0.004;-0.004;-0.006;-0.005;-0.006;-0.005;-0.005;-0.004;-0.003;-0.004;-0.002;-0.005;-0.004;-0.003;-0.004;-0.003;-0.006;-0.004;-0.003;-0.002;-0.002;-0.005;-0.005;-0.004;-0.004;-0.004;-0.006;-0.004;-0.005;-0.005;-0.005;-0.003;-0.004;-0.005;1.0;-0.004;-0.001;-0.004;-0.005;-0.003;-0.003;-0.001;-0.003;-0.004;-0.004;-0.001;-0.001;-0.005;-0.005;-0.002;-0.003;-0.001;-0.001;-0.002;-0.003;-0.001;-0.004;-0.003;-0.004;-0.002;-0.003;-0.002;-0.002;-0.002;-0.002;-0.002;-0.002;-0.0;-0.001;-0.001;-0.002;-0.002;-0.001;-0.002;-0.001;-0.001;-0.001;-0.001;-0.001;-0.001;-0.001;-0.085;0.003
index__org:resource_0_User_48;-0.006;-0.002;-0.001;-0.005;0.008;-0.009;-0.001;-0.001;-0.001;-0.001;-0.001;-0.0;-0.001;-0.002;-0.004;-0.001;-0.001;-0.005;-0.005;-0.007;-0.007;-0.007;-0.006;-0.006;-0.005;-0.004;-0.006;-0.002;-0.006;-0.005;-0.004;-0.006;-0.004;-0.007;-0.005;-0.004;-0.002;-0.003;-0.006;-0.007;-0.005;-0.005;-0.005;-0.007;-0.005;-0.006;-0.006;-0.006;-0.004;-0.005;-0.006;-0.004;1.0;-0.002;-0.005;-0.006;-0.004;-0.004;-0.002;-0.003;-0.005;-0.004;-0.002;-0.002;-0.006;-0.006;-0.003;-0.003;-0.002;-0.002;-0.003;-0.004;-0.002;-0.005;-0.004;-0.005;-0.003;-0.003;-0.002;-0.002;-0.002;-0.003;-0.002;-0.003;-0.001;-0.001;-0.002;-0.003;-0.003;-0.001;-0.003;-0.001;-0.001;-0.001;-0.001;-0.002;-0.001;-0.001;-0.106;-0.0
index__org:resource_0_User_50;-0.002;-0.001;-0.0;-0.002;0.003;-0.003;-0.0;-0.0;-0.0;-0.0;-0.0;-0.0;-0.0;-0.001;-0.002;-0.0;-0.0;-0.002;-0.002;-0.003;-0.002;-0.003;-0.002;-0.002;-0.002;-0.001;-0.002;-0.001;-0.002;-0.002;-0.001;-0.002;-0.001;-0.002;-0.002;-0.001;-0.001;-0.001;-0.002;-0.002;-0.002;-0.002;-0.002;-0.002;-0.002;-0.002;-0.002;-0.002;-0.001;-0.002;-0.002;-0.001;-0.002;1.0;-0.002;-0.002;-0.001;-0.001;-0.001;-0.001;-0.002;-0.002;-0.001;-0.001;-0.002;-0.002;-0.001;-0.001;-0.001;-0.001;-0.001;-0.001;-0.001;-0.002;-0.001;-0.002;-0.001;-0.001;-0.001;-0.001;-0.001;-0.001;-0.001;-0.001;-0.0;-0.0;-0.001;-0.001;-0.001;-0.0;-0.001;-0.0;-0.0;-0.0;-0.0;-0.001;-0.0;-0.0;-0.036;-0.005
index__org:resource_0_User_51;0.0;-0.002;-0.001;-0.005;0.004;-0.009;-0.001;-0.001;-0.001;-0.001;-0.001;-0.0;-0.001;-0.002;-0.004;-0.001;-0.001;-0.005;-0.005;-0.007;-0.007;-0.007;-0.006;-0.006;-0.005;-0.004;-0.005;-0.002;-0.006;-0.005;-0.004;-0.006;-0.004;-0.007;-0.005;-0.004;-0.002;-0.003;-0.006;-0.006;-0.005;-0.004;-0.005;-0.007;-0.005;-0.006;-0.006;-0.006;-0.004;-0.005;-0.006;-0.004;-0.005;-0.002;1.0;-0.006;-0.004;-0.004;-0.002;-0.003;-0.004;-0.004;-0.002;-0.002;-0.006;-0.006;-0.003;-0.003;-0.002;-0.002;-0.003;-0.004;-0.001;-0.005;-0.004;-0.005;-0.002;-0.003;-0.002;-0.002;-0.002;-0.003;-0.002;-0.003;-0.001;-0.001;-0.002;-0.003;-0.002;-0.001;-0.003;-0.001;-0.001;-0.001;-0.001;-0.001;-0.001;-0.001;-0.104;-0.003
index__org:resource_0_User_52;0.002;-0.003;-0.001;-0.001;0.0;-0.011;-0.001;-0.001;-0.001;-0.002;-0.001;-0.001;-0.001;-0.002;-0.005;-0.001;-0.001;-0.007;-0.006;-0.009;-0.008;-0.009;-0.008;-0.008;-0.006;-0.005;-0.007;-0.003;-0.007;-0.007;-0.005;-0.007;-0.005;-0.009;-0.006;-0.005;-0.003;-0.004;-0.007;-0.008;-0.007;-0.006;-0.006;-0.009;-0.006;-0.007;-0.008;-0.008;-0.005;-0.007;-0.007;-0.005;-0.006;-0.002;-0.006;1.0;-0.004;-0.005;-0.002;-0.004;-0.006;-0.005;-0.002;-0.002;-0.007;-0.008;-0.003;-0.004;-0.002;-0.002;-0.004;-0.005;-0.002;-0.006;-0.005;-0.006;-0.003;-0.004;-0.003;-0.002;-0.003;-0.004;-0.003;-0.003;-0.001;-0.002;-0.002;-0.003;-0.003;-0.002;-0.004;-0.002;-0.001;-0.002;-0.002;-0.002;-0.001;-0.001;-0.132;-0.009
index__org:resource_0_User_53;0.004;-0.002;-0.0;0.006;-0.006;-0.006;-0.0;-0.001;-0.001;-0.001;-0.001;-0.0;-0.0;-0.001;-0.003;-0.001;-0.0;-0.004;-0.003;-0.005;-0.005;-0.005;-0.004;-0.004;-0.004;-0.003;-0.004;-0.001;-0.004;-0.004;-0.003;-0.004;-0.003;-0.005;-0.003;-0.003;-0.002;-0.002;-0.004;-0.005;-0.004;-0.003;-0.004;-0.005;-0.003;-0.004;-0.004;-0.004;-0.003;-0.004;-0.004;-0.003;-0.004;-0.001;-0.004;-0.004;1.0;-0.003;-0.001;-0.002;-0.003;-0.003;-0.001;-0.001;-0.004;-0.004;-0.002;-0.002;-0.001;-0.001;-0.002;-0.003;-0.001;-0.003;-0.003;-0.003;-0.002;-0.002;-0.002;-0.001;-0.001;-0.002;-0.002;-0.002;-0.0;-0.001;-0.001;-0.002;-0.002;-0.001;-0.002;-0.001;-0.001;-0.001;-0.001;-0.001;-0.001;-0.001;-0.075;-0.005
index__org:resource_0_User_54;-0.004;-0.002;-0.0;-0.004;0.006;-0.007;-0.001;-0.001;-0.001;-0.001;-0.001;-0.0;-0.001;-0.001;-0.003;-0.001;-0.001;-0.004;-0.004;-0.006;-0.005;-0.006;-0.005;-0.005;-0.004;-0.003;-0.004;-0.002;-0.004;-0.004;-0.003;-0.004;-0.003;-0.005;-0.004;-0.003;-0.002;-0.002;-0.004;-0.005;-0.004;-0.004;-0.004;-0.005;-0.004;-0.004;-0.005;-0.005;-0.003;-0.004;-0.004;-0.003;-0.004;-0.001;-0.004;-0.005;-0.003;1.0;-0.001;-0.002;-0.003;-0.003;-0.001;-0.001;-0.004;-0.005;-0.002;-0.003;-0.001;-0.001;-0.002;-0.003;-0.001;-0.004;-0.003;-0.004;-0.002;-0.003;-0.002;-0.001;-0.002;-0.002;-0.002;-0.002;-0.0;-0.001;-0.001;-0.002;-0.002;-0.001;-0.002;-0.001;-0.001;-0.001;-0.001;-0.001;-0.001;-0.001;-0.081;0.003
index__org:resource_0_User_55;-0.002;-0.001;-0.0;-0.002;0.003;-0.003;-0.0;-0.0;-0.0;-0.0;-0.0;-0.0;-0.0;-0.001;-0.001;-0.0;-0.0;-0.002;-0.002;-0.002;-0.002;-0.002;-0.002;-0.002;-0.002;-0.001;-0.002;-0.001;-0.002;-0.002;-0.001;-0.002;-0.001;-0.002;-0.001;-0.001;-0.001;-0.001;-0.002;-0.002;-0.002;-0.001;-0.002;-0.002;-0.002;-0.002;-0.002;-0.002;-0.001;-0.002;-0.002;-0.001;-0.002;-0.001;-0.002;-0.002;-0.001;-0.001;1.0;-0.001;-0.001;-0.001;-0.001;-0.001;-0.002;-0.002;-0.001;-0.001;-0.001;-0.001;-0.001;-0.001;-0.0;-0.001;-0.001;-0.001;-0.001;-0.001;-0.001;-0.001;-0.001;-0.001;-0.001;-0.001;-0.0;-0.0;-0.001;-0.001;-0.001;-0.0;-0.001;-0.0;-0.0;-0.0;-0.0;-0.0;-0.0;-0.0;-0.033;0.005
index__org:resource_0_User_56;-0.004;-0.001;-0.0;-0.003;0.005;-0.005;-0.0;-0.001;-0.0;-0.001;-0.001;-0.0;-0.0;-0.001;-0.003;-0.001;-0.0;-0.003;-0.003;-0.005;-0.004;-0.005;-0.004;-0.004;-0.003;-0.002;-0.003;-0.001;-0.004;-0.003;-0.002;-0.003;-0.002;-0.004;-0.003;-0.002;-0.002;-0.002;-0.004;-0.004;-0.003;-0.003;-0.003;-0.004;-0.003;-0.004;-0.004;-0.004;-0.003;-0.003;-0.004;-0.003;-0.003;-0.001;-0.003;-0.004;-0.002;-0.002;-0.001;1.0;-0.003;-0.003;-0.001;-0.001;-0.004;-0.004;-0.002;-0.002;-0.001;-0.001;-0.002;-0.003;-0.001;-0.003;-0.002;-0.003;-0.002;-0.002;-0.001;-0.001;-0.001;-0.002;-0.001;-0.002;-0.0;-0.001;-0.001;-0.002;-0.002;-0.001;-0.002;-0.001;-0.001;-0.001;-0.001;-0.001;-0.001;-0.001;-0.065;-0.007
index__org:resource_0_User_57;-0.005;-0.002;0.063;-0.004;0.002;-0.008;-0.001;-0.001;-0.001;-0.001;-0.001;-0.0;-0.001;-0.002;-0.004;-0.001;-0.001;-0.005;-0.004;-0.007;-0.006;-0.007;-0.005;-0.006;-0.005;-0.003;-0.005;-0.002;-0.005;-0.005;-0.003;-0.005;-0.003;-0.006;-0.004;-0.004;-0.002;-0.003;-0.005;-0.006;-0.005;-0.004;-0.005;-0.006;-0.004;-0.005;-0.005;-0.006;-0.004;-0.005;-0.005;-0.004;-0.005;-0.002;-0.004;-0.006;-0.003;-0.003;-0.001;-0.003;1.0;-0.004;-0.002;-0.001;-0.005;-0.006;-0.002;-0.003;-0.002;-0.002;-0.003;-0.004;-0.001;-0.004;-0.004;-0.004;-0.002;-0.003;-0.002;-0.002;-0.002;-0.003;-0.002;-0.002;-0.001;-0.001;-0.002;-0.002;-0.002;-0.001;-0.003;-0.001;-0.001;-0.001;-0.001;-0.001;-0.001;-0.001;-0.094;0.008
index__org:resource_0_User_58;0.008;-0.002;-0.0;-0.004;-0.003;-0.008;-0.001;-0.001;-0.001;-0.001;-0.001;-0.0;-0.001;-0.002;-0.004;-0.001;-0.001;-0.005;-0.004;-0.006;-0.006;-0.006;-0.005;-0.005;-0.004;-0.003;-0.005;-0.002;-0.005;-0.005;-0.003;-0.005;-0.003;-0.006;-0.004;-0.003;-0.002;-0.003;-0.005;-0.006;-0.005;-0.004;-0.004;-0.006;-0.004;-0.005;-0.005;-0.005;-0.004;-0.005;-0.005;-0.004;-0.004;-0.002;-0.004;-0.005;-0.003;-0.003;-0.001;-0.003;-0.004;1.0;-0.002;-0.001;-0.005;-0.005;-0.002;-0.003;-0.002;-0.002;-0.002;-0.004;-0.001;-0.004;-0.003;-0.004;-0.002;-0.003;-0.002;-0.002;-0.002;-0.003;-0.002;-0.002;-0.0;-0.001;-0.002;-0.002;-0.002;-0.001;-0.003;-0.001;-0.001;-0.001;-0.001;-0.001;-0.001;-0.001;-0.091;0.001
index__org:resource_0_User_59;-0.002;-0.001;-0.0;-0.002;0.003;-0.003;-0.0;-0.0;-0.0;-0.0;-0.0;-0.0;-0.0;-0.001;-0.002;-0.0;-0.0;-0.002;-0.002;-0.003;-0.002;-0.003;-0.002;-0.002;-0.002;-0.001;-0.002;-0.001;-0.002;-0.002;-0.001;-0.002;-0.001;-0.002;-0.002;-0.001;-0.001;-0.001;-0.002;-0.002;-0.002;-0.002;-0.002;-0.002;-0.002;-0.002;-0.002;-0.002;-0.001;-0.002;-0.002;-0.001;-0.002;-0.001;-0.002;-0.002;-0.001;-0.001;-0.001;-0.001;-0.002;-0.002;1.0;-0.001;-0.002;-0.002;-0.001;-0.001;-0.001;-0.001;-0.001;-0.001;-0.001;-0.002;-0.001;-0.002;-0.001;-0.001;-0.001;-0.001;-0.001;-0.001;-0.001;-0.001;-0.0;-0.0;-0.001;-0.001;-0.001;-0.0;-0.001;-0.0;-0.0;-0.0;-0.0;-0.001;-0.0;-0.0;-0.036;0.003
index__org:resource_0_User_6;-0.002;-0.001;-0.0;0.019;-0.01;-0.003;-0.0;-0.0;-0.0;-0.0;-0.0;-0.0;-0.0;-0.001;-0.001;-0.0;-0.0;-0.002;-0.002;-0.002;-0.002;-0.002;-0.002;-0.002;-0.002;-0.001;-0.002;-0.001;-0.002;-0.002;-0.001;-0.002;-0.001;-0.002;-0.001;-0.001;-0.001;-0.001;-0.002;-0.002;-0.002;-0.001;-0.002;-0.002;-0.002;-0.002;-0.002;-0.002;-0.001;-0.002;-0.002;-0.001;-0.002;-0.001;-0.002;-0.002;-0.001;-0.001;-0.001;-0.001;-0.001;-0.001;-0.001;1.0;-0.002;-0.002;-0.001;-0.001;-0.001;-0.001;-0.001;-0.001;-0.0;-0.001;-0.001;-0.001;-0.001;-0.001;-0.001;-0.001;-0.001;-0.001;-0.001;-0.001;-0.0;-0.0;-0.001;-0.001;-0.001;-0.0;-0.001;-0.0;-0.0;-0.0;-0.0;-0.0;-0.0;-0.0;-0.033;-0.004
index__org:resource_0_User_60;-0.002;-0.002;-0.001;0.006;-0.002;-0.01;-0.001;-0.001;-0.001;-0.001;-0.001;-0.0;-0.001;-0.002;-0.005;-0.001;-0.001;-0.006;-0.006;-0.008;-0.008;-0.008;-0.007;-0.007;-0.006;-0.004;-0.006;-0.002;-0.007;-0.006;-0.004;-0.006;-0.004;-0.008;-0.005;-0.004;-0.003;-0.004;-0.007;-0.007;-0.006;-0.005;-0.006;-0.008;-0.005;-0.007;-0.007;-0.007;-0.005;-0.006;-0.006;-0.005;-0.006;-0.002;-0.006;-0.007;-0.004;-0.004;-0.002;-0.004;-0.005;-0.005;-0.002;-0.002;1.0;-0.007;-0.003;-0.004;-0.002;-0.002;-0.003;-0.005;-0.002;-0.005;-0.005;-0.005;-0.003;-0.004;-0.003;-0.002;-0.002;-0.003;-0.003;-0.003;-0.001;-0.001;-0.002;-0.003;-0.003;-0.001;-0.003;-0.002;-0.001;-0.001;-0.002;-0.002;-0.001;-0.001;-0.12;-0.005
index__org:resource_0_User_61;0.002;-0.003;-0.001;-0.006;0.003;-0.011;-0.001;-0.001;-0.001;-0.002;-0.001;-0.0;-0.001;-0.002;-0.005;-0.001;-0.001;-0.006;-0.006;-0.009;-0.008;-0.009;-0.007;-0.008;-0.006;-0.005;-0.007;-0.003;-0.007;-0.007;-0.005;-0.007;-0.004;-0.009;-0.006;-0.005;-0.003;-0.004;-0.007;-0.008;-0.007;-0.006;-0.006;-0.009;-0.006;-0.007;-0.007;-0.008;-0.005;-0.007;-0.007;-0.005;-0.006;-0.002;-0.006;-0.008;-0.004;-0.005;-0.002;-0.004;-0.006;-0.005;-0.002;-0.002;-0.007;1.0;-0.003;-0.004;-0.002;-0.002;-0.004;-0.005;-0.002;-0.006;-0.005;-0.006;-0.003;-0.004;-0.003;-0.002;-0.003;-0.004;-0.003;-0.003;-0.001;-0.002;-0.002;-0.003;-0.003;-0.002;-0.004;-0.002;-0.001;-0.001;-0.002;-0.002;-0.001;-0.001;-0.13;-0.007
index__org:resource_0_User_62;-0.003;-0.001;-0.0;0.01;-0.004;-0.004;-0.0;-0.001;-0.0;-0.001;-0.001;-0.0;-0.0;-0.001;-0.002;-0.0;-0.0;-0.003;-0.003;-0.004;-0.003;-0.004;-0.003;-0.003;-0.003;-0.002;-0.003;-0.001;-0.003;-0.003;-0.002;-0.003;-0.002;-0.004;-0.002;-0.002;-0.001;-0.002;-0.003;-0.003;-0.003;-0.002;-0.003;-0.004;-0.002;-0.003;-0.003;-0.003;-0.002;-0.003;-0.003;-0.002;-0.003;-0.001;-0.003;-0.003;-0.002;-0.002;-0.001;-0.002;-0.002;-0.002;-0.001;-0.001;-0.003;-0.003;1.0;-0.002;-0.001;-0.001;-0.001;-0.002;-0.001;-0.002;-0.002;-0.002;-0.001;-0.002;-0.001;-0.001;-0.001;-0.002;-0.001;-0.001;-0.0;-0.001;-0.001;-0.001;-0.001;-0.001;-0.002;-0.001;-0.001;-0.001;-0.001;-0.001;-0.0;-0.001;-0.054;-0.003
index__org:resource_0_User_63;0.004;-0.002;-0.0;-0.003;-0.001;-0.006;-0.0;-0.001;-0.001;-0.001;-0.001;-0.0;-0.0;-0.001;-0.003;-0.001;-0.0;-0.004;-0.003;-0.005;-0.005;-0.005;-0.004;-0.004;-0.004;-0.003;-0.004;-0.001;-0.004;-0.004;-0.003;-0.004;-0.002;-0.005;-0.003;-0.003;-0.002;-0.002;-0.004;-0.004;-0.004;-0.003;-0.004;-0.005;-0.003;-0.004;-0.004;-0.004;-0.003;-0.004;-0.004;-0.003;-0.003;-0.001;-0.003;-0.004;-0.002;-0.003;-0.001;-0.002;-0.003;-0.003;-0.001;-0.001;-0.004;-0.004;-0.002;1.0;-0.001;-0.001;-0.002;-0.003;-0.001;-0.003;-0.003;-0.003;-0.002;-0.002;-0.002;-0.001;-0.001;-0.002;-0.002;-0.002;-0.0;-0.001;-0.001;-0.002;-0.002;-0.001;-0.002;-0.001;-0.001;-0.001;-0.001;-0.001;-0.001;-0.001;-0.072;-0.006
index__org:resource_0_User_64;-0.002;-0.001;-0.0;-0.002;0.003;-0.003;-0.0;-0.0;-0.0;-0.0;-0.0;-0.0;-0.0;-0.001;-0.002;-0.0;-0.0;-0.002;-0.002;-0.003;-0.002;-0.003;-0.002;-0.002;-0.002;-0.001;-0.002;-0.001;-0.002;-0.002;-0.001;-0.002;-0.001;-0.002;-0.002;-0.001;-0.001;-0.001;-0.002;-0.002;-0.002;-0.002;-0.002;-0.003;-0.002;-0.002;-0.002;-0.002;-0.001;-0.002;-0.002;-0.001;-0.002;-0.001;-0.002;-0.002;-0.001;-0.001;-0.001;-0.001;-0.002;-0.002;-0.001;-0.001;-0.002;-0.002;-0.001;-0.001;1.0;-0.001;-0.001;-0.001;-0.001;-0.002;-0.001;-0.002;-0.001;-0.001;-0.001;-0.001;-0.001;-0.001;-0.001;-0.001;-0.0;-0.0;-0.001;-0.001;-0.001;-0.0;-0.001;-0.0;-0.0;-0.0;-0.0;-0.001;-0.0;-0.0;-0.037;-0.001
index__org:resource_0_User_65;-0.002;-0.001;-0.0;-0.002;0.003;-0.003;-0.0;-0.0;-0.0;-0.0;-0.0;-0.0;-0.0;-0.001;-0.002;-0.0;-0.0;-0.002;-0.002;-0.003;-0.002;-0.003;-0.002;-0.002;-0.002;-0.001;-0.002;-0.001;-0.002;-0.002;-0.001;-0.002;-0.001;-0.002;-0.002;-0.001;-0.001;-0.001;-0.002;-0.002;-0.002;-0.002;-0.002;-0.003;-0.002;-0.002;-0.002;-0.002;-0.001;-0.002;-0.002;-0.001;-0.002;-0.001;-0.002;-0.002;-0.001;-0.001;-0.001;-0.001;-0.002;-0.002;-0.001;-0.001;-0.002;-0.002;-0.001;-0.001;-0.001;1.0;-0.001;-0.001;-0.001;-0.002;-0.001;-0.002;-0.001;-0.001;-0.001;-0.001;-0.001;-0.001;-0.001;-0.001;-0.0;-0.0;-0.001;-0.001;-0.001;-0.0;-0.001;-0.0;-0.0;-0.0;-0.0;-0.001;-0.0;-0.0;-0.037;-0.001
index__org:resource_0_User_66;-0.003;-0.001;-0.0;-0.003;0.004;-0.005;-0.0;-0.001;-0.0;-0.001;-0.001;-0.0;-0.0;-0.001;-0.002;-0.001;-0.0;-0.003;-0.003;-0.004;-0.004;-0.004;-0.003;-0.004;-0.003;-0.002;-0.003;-0.001;-0.003;-0.003;-0.002;-0.003;-0.002;-0.004;-0.003;-0.002;-0.001;-0.002;-0.003;-0.004;-0.003;-0.003;-0.003;-0.004;-0.003;-0.003;-0.003;-0.004;-0.002;-0.003;-0.003;-0.002;-0.003;-0.001;-0.003;-0.004;-0.002;-0.002;-0.001;-0.002;-0.003;-0.002;-0.001;-0.001;-0.003;-0.004;-0.001;-0.002;-0.001;-0.001;1.0;-0.002;-0.001;-0.003;-0.002;-0.003;-0.001;-0.002;-0.001;-0.001;-0.001;-0.002;-0.001;-0.001;-0.0;-0.001;-0.001;-0.002;-0.001;-0.001;-0.002;-0.001;-0.001;-0.001;-0.001;-0.001;-0.001;-0.001;-0.059;0.003
index__org:resource_0_User_67;-0.005;-0.002;-0.0;-0.004;0.006;-0.007;-0.001;-0.001;-0.001;-0.001;-0.001;-0.0;-0.001;-0.002;-0.004;-0.001;-0.001;-0.004;-0.004;-0.006;-0.005;-0.006;-0.005;-0.005;-0.004;-0.003;-0.005;-0.002;-0.005;-0.004;-0.003;-0.005;-0.003;-0.006;-0.004;-0.003;-0.002;-0.003;-0.005;-0.005;-0.004;-0.004;-0.004;-0.006;-0.004;-0.005;-0.005;-0.005;-0.003;-0.004;-0.005;-0.003;-0.004;-0.001;-0.004;-0.005;-0.003;-0.003;-0.001;-0.003;-0.004;-0.004;-0.001;-0.001;-0.005;-0.005;-0.002;-0.003;-0.001;-0.001;-0.002;1.0;-0.001;-0.004;-0.003;-0.004;-0.002;-0.003;-0.002;-0.002;-0.002;-0.002;-0.002;-0.002;-0.0;-0.001;-0.002;-0.002;-0.002;-0.001;-0.002;-0.001;-0.001;-0.001;-0.001;-0.001;-0.001;-0.001;-0.086;0.008
index__org:resource_0_User_68;-0.002;-0.001;-0.0;-0.001;0.002;-0.003;-0.0;-0.0;-0.0;-0.0;-0.0;-0.0;-0.0;-0.001;-0.001;-0.0;-0.0;-0.002;-0.001;-0.002;-0.002;-0.002;-0.002;-0.002;-0.002;-0.001;-0.002;-0.001;-0.002;-0.002;-0.001;-0.002;-0.001;-0.002;-0.001;-0.001;-0.001;-0.001;-0.002;-0.002;-0.002;-0.001;-0.002;-0.002;-0.001;-0.002;-0.002;-0.002;-0.001;-0.002;-0.002;-0.001;-0.002;-0.001;-0.001;-0.002;-0.001;-0.001;-0.0;-0.001;-0.001;-0.001;-0.001;-0.0;-0.002;-0.002;-0.001;-0.001;-0.001;-0.001;-0.001;-0.001;1.0;-0.001;-0.001;-0.001;-0.001;-0.001;-0.001;-0.001;-0.001;-0.001;-0.001;-0.001;-0.0;-0.0;-0.001;-0.001;-0.001;-0.0;-0.001;-0.0;-0.0;-0.0;-0.0;-0.0;-0.0;-0.0;-0.031;-0.008
index__org:resource_0_User_7;-0.005;-0.002;-0.001;0.017;-0.006;-0.008;-0.001;-0.001;-0.001;-0.001;-0.001;-0.0;-0.001;-0.002;-0.004;-0.001;-0.001;-0.005;-0.004;-0.007;-0.006;-0.007;-0.006;-0.006;-0.005;-0.004;-0.005;-0.002;-0.005;-0.005;-0.003;-0.005;-0.003;-0.006;-0.004;-0.004;-0.002;-0.003;-0.005;-0.006;-0.005;-0.004;-0.005;-0.007;-0.004;-0.005;-0.006;-0.006;-0.004;-0.005;-0.005;-0.004;-0.005;-0.002;-0.005;-0.006;-0.003;-0.004;-0.001;-0.003;-0.004;-0.004;-0.002;-0.001;-0.005;-0.006;-0.002;-0.003;-0.002;-0.002;-0.003;-0.004;-0.001;1.0;-0.004;-0.004;-0.002;-0.003;-0.002;-0.002;-0.002;-0.003;-0.002;-0.002;-0.001;-0.001;-0.002;-0.003;-0.002;-0.001;-0.003;-0.001;-0.001;-0.001;-0.001;-0.001;-0.001;-0.001;-0.097;-0.004
index__org:resource_0_User_70;0.003;-0.002;-0.0;-0.004;0.001;-0.007;-0.001;-0.001;-0.001;-0.001;-0.001;-0.0;-0.001;-0.001;-0.003;-0.001;-0.001;-0.004;-0.004;-0.006;-0.005;-0.006;-0.005;-0.005;-0.004;-0.003;-0.004;-0.002;-0.005;-0.004;-0.003;-0.004;-0.003;-0.006;-0.004;-0.003;-0.002;-0.002;-0.005;-0.005;-0.004;-0.004;-0.004;-0.006;-0.004;-0.005;-0.005;-0.005;-0.003;-0.004;-0.005;-0.003;-0.004;-0.001;-0.004;-0.005;-0.003;-0.003;-0.001;-0.002;-0.004;-0.003;-0.001;-0.001;-0.005;-0.005;-0.002;-0.003;-0.001;-0.001;-0.002;-0.003;-0.001;-0.004;1.0;-0.004;-0.002;-0.003;-0.002;-0.001;-0.002;-0.002;-0.002;-0.002;-0.0;-0.001;-0.001;-0.002;-0.002;-0.001;-0.002;-0.001;-0.001;-0.001;-0.001;-0.001;-0.001;-0.001;-0.083;-0.001
index__org:resource_0_User_71;0.001;-0.002;-0.001;-0.005;0.003;-0.008;-0.001;-0.001;-0.001;-0.001;-0.001;-0.0;-0.001;-0.002;-0.004;-0.001;-0.001;-0.005;-0.005;-0.007;-0.006;-0.007;-0.006;-0.006;-0.005;-0.004;-0.005;-0.002;-0.005;-0.005;-0.003;-0.005;-0.003;-0.006;-0.004;-0.004;-0.002;-0.003;-0.005;-0.006;-0.005;-0.004;-0.005;-0.007;-0.004;-0.005;-0.006;-0.006;-0.004;-0.005;-0.005;-0.004;-0.005;-0.002;-0.005;-0.006;-0.003;-0.004;-0.001;-0.003;-0.004;-0.004;-0.002;-0.001;-0.005;-0.006;-0.002;-0.003;-0.002;-0.002;-0.003;-0.004;-0.001;-0.004;-0.004;1.0;-0.002;-0.003;-0.002;-0.002;-0.002;-0.003;-0.002;-0.002;-0.001;-0.001;-0.002;-0.003;-0.002;-0.001;-0.003;-0.001;-0.001;-0.001;-0.001;-0.001;-0.001;-0.001;-0.098;-0.005
index__org:resource_0_User_73;-0.003;-0.001;-0.0;0.037;-0.021;-0.004;-0.0;-0.0;-0.0;-0.001;-0.001;-0.0;-0.0;-0.001;-0.002;-0.0;-0.0;-0.003;-0.002;-0.004;-0.003;-0.004;-0.003;-0.003;-0.003;-0.002;-0.003;-0.001;-0.003;-0.003;-0.002;-0.003;-0.002;-0.003;-0.002;-0.002;-0.001;-0.002;-0.003;-0.003;-0.003;-0.002;-0.003;-0.004;-0.002;-0.003;-0.003;-0.003;-0.002;-0.003;-0.003;-0.002;-0.003;-0.001;-0.002;-0.003;-0.002;-0.002;-0.001;-0.002;-0.002;-0.002;-0.001;-0.001;-0.003;-0.003;-0.001;-0.002;-0.001;-0.001;-0.001;-0.002;-0.001;-0.002;-0.002;-0.002;1.0;-0.002;-0.001;-0.001;-0.001;-0.001;-0.001;-0.001;-0.0;-0.001;-0.001;-0.001;-0.001;-0.001;-0.001;-0.001;-0.001;-0.001;-0.001;-0.001;-0.0;-0.0;-0.052;-0.01
index__org:resource_0_User_74;-0.004;-0.001;-0.0;0.007;-0.001;-0.006;-0.0;-0.001;-0.001;-0.001;-0.001;-0.0;-0.0;-0.001;-0.003;-0.001;-0.0;-0.003;-0.003;-0.005;-0.004;-0.005;-0.004;-0.004;-0.003;-0.002;-0.004;-0.001;-0.004;-0.004;-0.002;-0.004;-0.002;-0.005;-0.003;-0.003;-0.002;-0.002;-0.004;-0.004;-0.004;-0.003;-0.003;-0.005;-0.003;-0.004;-0.004;-0.004;-0.003;-0.004;-0.004;-0.003;-0.003;-0.001;-0.003;-0.004;-0.002;-0.003;-0.001;-0.002;-0.003;-0.003;-0.001;-0.001;-0.004;-0.004;-0.002;-0.002;-0.001;-0.001;-0.002;-0.003;-0.001;-0.003;-0.003;-0.003;-0.002;1.0;-0.001;-0.001;-0.001;-0.002;-0.002;-0.002;-0.0;-0.001;-0.001;-0.002;-0.002;-0.001;-0.002;-0.001;-0.001;-0.001;-0.001;-0.001;-0.001;-0.001;-0.069;0.002
index__org:resource_0_User_75;-0.003;-0.001;-0.0;-0.002;0.004;-0.004;-0.0;-0.0;-0.0;-0.001;-0.001;-0.0;-0.0;-0.001;-0.002;-0.0;-0.0;-0.002;-0.002;-0.003;-0.003;-0.003;-0.003;-0.003;-0.002;-0.002;-0.002;-0.001;-0.003;-0.002;-0.002;-0.002;-0.002;-0.003;-0.002;-0.002;-0.001;-0.001;-0.003;-0.003;-0.002;-0.002;-0.002;-0.003;-0.002;-0.003;-0.003;-0.003;-0.002;-0.002;-0.003;-0.002;-0.002;-0.001;-0.002;-0.003;-0.002;-0.002;-0.001;-0.001;-0.002;-0.002;-0.001;-0.001;-0.003;-0.003;-0.001;-0.002;-0.001;-0.001;-0.001;-0.002;-0.001;-0.002;-0.002;-0.002;-0.001;-0.001;1.0;-0.001;-0.001;-0.001;-0.001;-0.001;-0.0;-0.001;-0.001;-0.001;-0.001;-0.001;-0.001;-0.001;-0.0;-0.001;-0.001;-0.001;-0.0;-0.0;-0.047;-0.008
index__org:resource_0_User_76;-0.002;-0.001;-0.0;-0.002;0.003;-0.003;-0.0;-0.0;-0.0;-0.0;-0.0;-0.0;-0.0;-0.001;-0.002;-0.0;-0.0;-0.002;-0.002;-0.003;-0.003;-0.003;-0.002;-0.002;-0.002;-0.001;-0.002;-0.001;-0.002;-0.002;-0.001;-0.002;-0.001;-0.003;-0.002;-0.001;-0.001;-0.001;-0.002;-0.002;-0.002;-0.002;-0.002;-0.003;-0.002;-0.002;-0.002;-0.002;-0.002;-0.002;-0.002;-0.002;-0.002;-0.001;-0.002;-0.002;-0.001;-0.001;-0.001;-0.001;-0.002;-0.002;-0.001;-0.001;-0.002;-0.002;-0.001;-0.001;-0.001;-0.001;-0.001;-0.002;-0.001;-0.002;-0.001;-0.002;-0.001;-0.001;-0.001;1.0;-0.001;-0.001;-0.001;-0.001;-0.0;-0.0;-0.001;-0.001;-0.001;-0.0;-0.001;-0.0;-0.0;-0.0;-0.0;-0.001;-0.0;-0.0;-0.039;0.005
index__org:resource_0_User_77;-0.002;-0.001;-0.0;-0.002;0.003;-0.004;-0.0;-0.0;-0.0;-0.001;-0.0;-0.0;-0.0;-0.001;-0.002;-0.0;-0.0;-0.002;-0.002;-0.003;-0.003;-0.003;-0.002;-0.003;-0.002;-0.002;-0.002;-0.001;-0.002;-0.002;-0.001;-0.002;-0.001;-0.003;-0.002;-0.002;-0.001;-0.001;-0.002;-0.003;-0.002;-0.002;-0.002;-0.003;-0.002;-0.002;-0.002;-0.003;-0.002;-0.002;-0.002;-0.002;-0.002;-0.001;-0.002;-0.003;-0.001;-0.002;-0.001;-0.001;-0.002;-0.002;-0.001;-0.001;-0.002;-0.003;-0.001;-0.001;-0.001;-0.001;-0.001;-0.002;-0.001;-0.002;-0.002;-0.002;-0.001;-0.001;-0.001;-0.001;1.0;-0.001;-0.001;-0.001;-0.0;-0.001;-0.001;-0.001;-0.001;-0.001;-0.001;-0.001;-0.0;-0.0;-0.001;-0.001;-0.0;-0.0;-0.043;0.013
index__org:resource_0_User_78;-0.003;-0.001;-0.0;-0.003;0.005;-0.005;-0.0;-0.001;-0.0;-0.001;-0.001;-0.0;-0.0;-0.001;-0.003;-0.001;-0.0;-0.003;-0.003;-0.004;-0.004;-0.004;-0.004;-0.004;-0.003;-0.002;-0.003;-0.001;-0.003;-0.003;-0.002;-0.003;-0.002;-0.004;-0.003;-0.002;-0.001;-0.002;-0.003;-0.004;-0.003;-0.003;-0.003;-0.004;-0.003;-0.003;-0.004;-0.004;-0.002;-0.003;-0.003;-0.002;-0.003;-0.001;-0.003;-0.004;-0.002;-0.002;-0.001;-0.002;-0.003;-0.003;-0.001;-0.001;-0.003;-0.004;-0.002;-0.002;-0.001;-0.001;-0.002;-0.002;-0.001;-0.003;-0.002;-0.003;-0.001;-0.002;-0.001;-0.001;-0.001;1.0;-0.001;-0.002;-0.0;-0.001;-0.001;-0.002;-0.001;-0.001;-0.002;-0.001;-0.001;-0.001;-0.001;-0.001;-0.001;-0.001;-0.062;-0.003
index__org:resource_0_User_8;-0.003;-0.001;-0.0;0.011;-0.005;-0.004;-0.0;-0.0;-0.0;-0.001;-0.001;-0.0;-0.0;-0.001;-0.002;-0.0;-0.0;-0.002;-0.002;-0.003;-0.003;-0.003;-0.003;-0.003;-0.002;-0.002;-0.003;-0.001;-0.003;-0.003;-0.002;-0.003;-0.002;-0.003;-0.002;-0.002;-0.001;-0.001;-0.003;-0.003;-0.003;-0.002;-0.002;-0.003;-0.002;-0.003;-0.003;-0.003;-0.002;-0.003;-0.003;-0.002;-0.002;-0.001;-0.002;-0.003;-0.002;-0.002;-0.001;-0.001;-0.002;-0.002;-0.001;-0.001;-0.003;-0.003;-0.001;-0.002;-0.001;-0.001;-0.001;-0.002;-0.001;-0.002;-0.002;-0.002;-0.001;-0.002;-0.001;-0.001;-0.001;-0.001;1.0;-0.001;-0.0;-0.001;-0.001;-0.001;-0.001;-0.001;-0.001;-0.001;-0.0;-0.001;-0.001;-0.001;-0.0;-0.0;-0.05;0.003
index__org:resource_0_User_80;-0.003;-0.001;-0.0;0.023;-0.012;-0.004;-0.0;-0.001;-0.0;-0.001;-0.001;-0.0;-0.0;-0.001;-0.002;-0.0;-0.0;-0.003;-0.003;-0.004;-0.003;-0.004;-0.003;-0.003;-0.003;-0.002;-0.003;-0.001;-0.003;-0.003;-0.002;-0.003;-0.002;-0.004;-0.002;-0.002;-0.001;-0.002;-0.003;-0.003;-0.003;-0.002;-0.003;-0.004;-0.002;-0.003;-0.003;-0.003;-0.002;-0.003;-0.003;-0.002;-0.003;-0.001;-0.003;-0.003;-0.002;-0.002;-0.001;-0.002;-0.002;-0.002;-0.001;-0.001;-0.003;-0.003;-0.001;-0.002;-0.001;-0.001;-0.001;-0.002;-0.001;-0.002;-0.002;-0.002;-0.001;-0.002;-0.001;-0.001;-0.001;-0.002;-0.001;1.0;-0.0;-0.001;-0.001;-0.001;-0.001;-0.001;-0.002;-0.001;-0.001;-0.001;-0.001;-0.001;-0.0;-0.001;-0.054;-0.003
index__org:resource_0_User_82;-0.001;-0.0;-0.0;-0.001;0.001;-0.001;-0.0;-0.0;-0.0;-0.0;-0.0;-0.0;-0.0;-0.0;-0.0;-0.0;-0.0;-0.001;-0.001;-0.001;-0.001;-0.001;-0.001;-0.001;-0.001;-0.0;-0.001;-0.0;-0.001;-0.001;-0.0;-0.001;-0.0;-0.001;-0.001;-0.0;-0.0;-0.0;-0.001;-0.001;-0.001;-0.001;-0.001;-0.001;-0.001;-0.001;-0.001;-0.001;-0.0;-0.001;-0.001;-0.0;-0.001;-0.0;-0.001;-0.001;-0.0;-0.0;-0.0;-0.0;-0.001;-0.0;-0.0;-0.0;-0.001;-0.001;-0.0;-0.0;-0.0;-0.0;-0.0;-0.0;-0.0;-0.001;-0.0;-0.001;-0.0;-0.0;-0.0;-0.0;-0.0;-0.0;-0.0;-0.0;1.0;-0.0;-0.0;-0.0;-0.0;-0.0;-0.0;-0.0;-0.0;-0.0;-0.0;-0.0;-0.0;-0.0;-0.012;-0.003
index__org:resource_0_User_83;-0.001;-0.001;-0.0;-0.001;0.002;-0.002;-0.0;-0.0;-0.0;-0.0;-0.0;-0.0;-0.0;-0.0;-0.001;-0.0;-0.0;-0.001;-0.001;-0.002;-0.002;-0.002;-0.002;-0.002;-0.001;-0.001;-0.001;-0.001;-0.001;-0.001;-0.001;-0.001;-0.001;-0.002;-0.001;-0.001;-0.001;-0.001;-0.001;-0.002;-0.001;-0.001;-0.001;-0.002;-0.001;-0.001;-0.002;-0.002;-0.001;-0.001;-0.001;-0.001;-0.001;-0.0;-0.001;-0.002;-0.001;-0.001;-0.0;-0.001;-0.001;-0.001;-0.0;-0.0;-0.001;-0.002;-0.001;-0.001;-0.0;-0.0;-0.001;-0.001;-0.0;-0.001;-0.001;-0.001;-0.001;-0.001;-0.001;-0.0;-0.001;-0.001;-0.001;-0.001;-0.0;1.0;-0.0;-0.001;-0.001;-0.0;-0.001;-0.0;-0.0;-0.0;-0.0;-0.0;-0.0;-0.0;-0.026;-0.001
index__org:resource_0_User_84;-0.002;-0.001;-0.0;-0.002;0.003;-0.003;-0.0;-0.0;-0.0;-0.0;-0.0;-0.0;-0.0;-0.001;-0.002;-0.0;-0.0;-0.002;-0.002;-0.003;-0.002;-0.003;-0.002;-0.002;-0.002;-0.001;-0.002;-0.001;-0.002;-0.002;-0.001;-0.002;-0.001;-0.003;-0.002;-0.001;-0.001;-0.001;-0.002;-0.002;-0.002;-0.002;-0.002;-0.003;-0.002;-0.002;-0.002;-0.002;-0.002;-0.002;-0.002;-0.001;-0.002;-0.001;-0.002;-0.002;-0.001;-0.001;-0.001;-0.001;-0.002;-0.002;-0.001;-0.001;-0.002;-0.002;-0.001;-0.001;-0.001;-0.001;-0.001;-0.002;-0.001;-0.002;-0.001;-0.002;-0.001;-0.001;-0.001;-0.001;-0.001;-0.001;-0.001;-0.001;-0.0;-0.0;1.0;-0.001;-0.001;-0.0;-0.001;-0.0;-0.0;-0.0;-0.0;-0.001;-0.0;-0.0;-0.038;-0.006
index__org:resource_0_User_85;-0.003;-0.001;-0.0;-0.003;0.004;-0.005;-0.0;-0.001;-0.0;-0.001;-0.001;-0.0;-0.0;-0.001;-0.002;-0.0;-0.0;-0.003;-0.003;-0.004;-0.004;-0.004;-0.003;-0.003;-0.003;-0.002;-0.003;-0.001;-0.003;-0.003;-0.002;-0.003;-0.002;-0.004;-0.003;-0.002;-0.001;-0.002;-0.003;-0.004;-0.003;-0.002;-0.003;-0.004;-0.003;-0.003;-0.003;-0.003;-0.002;-0.003;-0.003;-0.002;-0.003;-0.001;-0.003;-0.003;-0.002;-0.002;-0.001;-0.002;-0.002;-0.002;-0.001;-0.001;-0.003;-0.003;-0.001;-0.002;-0.001;-0.001;-0.002;-0.002;-0.001;-0.003;-0.002;-0.003;-0.001;-0.002;-0.001;-0.001;-0.001;-0.002;-0.001;-0.001;-0.0;-0.001;-0.001;1.0;-0.001;-0.001;-0.002;-0.001;-0.001;-0.001;-0.001;-0.001;-0.0;-0.001;-0.057;-0.012
index__org:resource_0_User_86;-0.003;-0.001;-0.0;-0.002;0.004;-0.004;-0.0;-0.0;-0.0;-0.001;-0.001;-0.0;-0.0;-0.001;-0.002;-0.0;-0.0;-0.003;-0.002;-0.004;-0.003;-0.004;-0.003;-0.003;-0.003;-0.002;-0.003;-0.001;-0.003;-0.003;-0.002;-0.003;-0.002;-0.003;-0.002;-0.002;-0.001;-0.002;-0.003;-0.003;-0.003;-0.002;-0.003;-0.004;-0.002;-0.003;-0.003;-0.003;-0.002;-0.003;-0.003;-0.002;-0.003;-0.001;-0.002;-0.003;-0.002;-0.002;-0.001;-0.002;-0.002;-0.002;-0.001;-0.001;-0.003;-0.003;-0.001;-0.002;-0.001;-0.001;-0.001;-0.002;-0.001;-0.002;-0.002;-0.002;-0.001;-0.002;-0.001;-0.001;-0.001;-0.001;-0.001;-0.001;-0.0;-0.001;-0.001;-0.001;1.0;-0.001;-0.001;-0.001;-0.001;-0.001;-0.001;-0.001;-0.0;-0.0;-0.052;-0.005
index__org:resource_0_User_89;-0.001;-0.001;-0.0;-0.001;0.002;-0.002;-0.0;-0.0;-0.0;-0.0;-0.0;-0.0;-0.0;-0.0;-0.001;-0.0;-0.0;-0.001;-0.001;-0.002;-0.002;-0.002;-0.002;-0.002;-0.001;-0.001;-0.001;-0.001;-0.001;-0.001;-0.001;-0.001;-0.001;-0.002;-0.001;-0.001;-0.001;-0.001;-0.001;-0.002;-0.001;-0.001;-0.001;-0.002;-0.001;-0.001;-0.002;-0.002;-0.001;-0.001;-0.001;-0.001;-0.001;-0.0;-0.001;-0.002;-0.001;-0.001;-0.0;-0.001;-0.001;-0.001;-0.0;-0.0;-0.001;-0.002;-0.001;-0.001;-0.0;-0.0;-0.001;-0.001;-0.0;-0.001;-0.001;-0.001;-0.001;-0.001;-0.001;-0.0;-0.001;-0.001;-0.001;-0.001;-0.0;-0.0;-0.0;-0.001;-0.001;1.0;-0.001;-0.0;-0.0;-0.0;-0.0;-0.0;-0.0;-0.0;-0.026;0.005
index__org:resource_0_User_9;0.006;-0.001;-0.0;0.019;-0.017;-0.005;-0.0;-0.001;-0.0;-0.001;-0.001;-0.0;-0.0;-0.001;-0.003;-0.001;-0.0;-0.003;-0.003;-0.004;-0.004;-0.004;-0.003;-0.004;-0.003;-0.002;-0.003;-0.001;-0.003;-0.003;-0.002;-0.003;-0.002;-0.004;-0.003;-0.002;-0.001;-0.002;-0.003;-0.004;-0.003;-0.003;-0.003;-0.004;-0.003;-0.003;-0.003;-0.004;-0.002;-0.003;-0.003;-0.002;-0.003;-0.001;-0.003;-0.004;-0.002;-0.002;-0.001;-0.002;-0.003;-0.003;-0.001;-0.001;-0.003;-0.004;-0.002;-0.002;-0.001;-0.001;-0.002;-0.002;-0.001;-0.003;-0.002;-0.003;-0.001;-0.002;-0.001;-0.001;-0.001;-0.002;-0.001;-0.002;-0.0;-0.001;-0.001;-0.002;-0.001;-0.001;1.0;-0.001;-0.001;-0.001;-0.001;-0.001;-0.001;-0.001;-0.061;-0.005
index__org:resource_0_User_90;-0.002;-0.001;-0.0;-0.001;0.002;-0.002;-0.0;-0.0;-0.0;-0.0;-0.0;-0.0;-0.0;-0.0;-0.001;-0.0;-0.0;-0.001;-0.001;-0.002;-0.002;-0.002;-0.002;-0.002;-0.001;-0.001;-0.001;-0.001;-0.002;-0.001;-0.001;-0.001;-0.001;-0.002;-0.001;-0.001;-0.001;-0.001;-0.002;-0.002;-0.001;-0.001;-0.001;-0.002;-0.001;-0.002;-0.002;-0.002;-0.001;-0.001;-0.001;-0.001;-0.001;-0.0;-0.001;-0.002;-0.001;-0.001;-0.0;-0.001;-0.001;-0.001;-0.0;-0.0;-0.002;-0.002;-0.001;-0.001;-0.0;-0.0;-0.001;-0.001;-0.0;-0.001;-0.001;-0.001;-0.001;-0.001;-0.001;-0.0;-0.001;-0.001;-0.001;-0.001;-0.0;-0.0;-0.0;-0.001;-0.001;-0.0;-0.001;1.0;-0.0;-0.0;-0.0;-0.0;-0.0;-0.0;-0.028;0.009
index__org:resource_0_User_91;0.026;-0.0;-0.0;-0.001;-0.018;-0.002;-0.0;-0.0;-0.0;-0.0;-0.0;-0.0;-0.0;-0.0;-0.001;-0.0;-0.0;-0.001;-0.001;-0.002;-0.001;-0.002;-0.001;-0.001;-0.001;-0.001;-0.001;-0.0;-0.001;-0.001;-0.001;-0.001;-0.001;-0.001;-0.001;-0.001;-0.001;-0.001;-0.001;-0.001;-0.001;-0.001;-0.001;-0.001;-0.001;-0.001;-0.001;-0.001;-0.001;-0.001;-0.001;-0.001;-0.001;-0.0;-0.001;-0.001;-0.001;-0.001;-0.0;-0.001;-0.001;-0.001;-0.0;-0.0;-0.001;-0.001;-0.001;-0.001;-0.0;-0.0;-0.001;-0.001;-0.0;-0.001;-0.001;-0.001;-0.001;-0.001;-0.0;-0.0;-0.0;-0.001;-0.0;-0.001;-0.0;-0.0;-0.0;-0.001;-0.001;-0.0;-0.001;-0.0;1.0;-0.0;-0.0;-0.0;-0.0;-0.0;-0.022;-0.005
index__org:resource_0_User_92;-0.001;-0.001;-0.0;-0.001;0.002;-0.002;-0.0;-0.0;-0.0;-0.0;-0.0;-0.0;-0.0;-0.0;-0.001;-0.0;-0.0;-0.001;-0.001;-0.002;-0.002;-0.002;-0.001;-0.002;-0.001;-0.001;-0.001;-0.0;-0.001;-0.001;-0.001;-0.001;-0.001;-0.002;-0.001;-0.001;-0.001;-0.001;-0.001;-0.002;-0.001;-0.001;-0.001;-0.002;-0.001;-0.001;-0.001;-0.001;-0.001;-0.001;-0.001;-0.001;-0.001;-0.0;-0.001;-0.002;-0.001;-0.001;-0.0;-0.001;-0.001;-0.001;-0.0;-0.0;-0.001;-0.001;-0.001;-0.001;-0.0;-0.0;-0.001;-0.001;-0.0;-0.001;-0.001;-0.001;-0.001;-0.001;-0.001;-0.0;-0.0;-0.001;-0.001;-0.001;-0.0;-0.0;-0.0;-0.001;-0.001;-0.0;-0.001;-0.0;-0.0;1.0;-0.0;-0.0;-0.0;-0.0;-0.025;-0.006
index__org:resource_0_User_93;-0.002;-0.001;-0.0;-0.001;0.002;-0.002;-0.0;-0.0;-0.0;-0.0;-0.0;-0.0;-0.0;-0.0;-0.001;-0.0;-0.0;-0.001;-0.001;-0.002;-0.002;-0.002;-0.002;-0.002;-0.001;-0.001;-0.001;-0.001;-0.002;-0.001;-0.001;-0.001;-0.001;-0.002;-0.001;-0.001;-0.001;-0.001;-0.002;-0.002;-0.001;-0.001;-0.001;-0.002;-0.001;-0.002;-0.002;-0.002;-0.001;-0.001;-0.001;-0.001;-0.001;-0.0;-0.001;-0.002;-0.001;-0.001;-0.0;-0.001;-0.001;-0.001;-0.0;-0.0;-0.002;-0.002;-0.001;-0.001;-0.0;-0.0;-0.001;-0.001;-0.0;-0.001;-0.001;-0.001;-0.001;-0.001;-0.001;-0.0;-0.001;-0.001;-0.001;-0.001;-0.0;-0.0;-0.0;-0.001;-0.001;-0.0;-0.001;-0.0;-0.0;-0.0;1.0;-0.0;-0.0;-0.0;-0.028;-0.002
index__org:resource_0_User_95;-0.002;-0.001;-0.0;-0.001;0.002;-0.003;-0.0;-0.0;-0.0;-0.0;-0.0;-0.0;-0.0;-0.001;-0.001;-0.0;-0.0;-0.002;-0.001;-0.002;-0.002;-0.002;-0.002;-0.002;-0.002;-0.001;-0.002;-0.001;-0.002;-0.002;-0.001;-0.002;-0.001;-0.002;-0.001;-0.001;-0.001;-0.001;-0.002;-0.002;-0.002;-0.001;-0.002;-0.002;-0.001;-0.002;-0.002;-0.002;-0.001;-0.002;-0.002;-0.001;-0.002;-0.001;-0.001;-0.002;-0.001;-0.001;-0.0;-0.001;-0.001;-0.001;-0.001;-0.0;-0.002;-0.002;-0.001;-0.001;-0.001;-0.001;-0.001;-0.001;-0.0;-0.001;-0.001;-0.001;-0.001;-0.001;-0.001;-0.001;-0.001;-0.001;-0.001;-0.001;-0.0;-0.0;-0.001;-0.001;-0.001;-0.0;-0.001;-0.0;-0.0;-0.0;-0.0;1.0;-0.0;-0.0;-0.031;-0.003
index__org:resource_0_User_97;-0.001;-0.0;-0.0;-0.001;0.001;-0.002;-0.0;-0.0;-0.0;-0.0;-0.0;-0.0;-0.0;-0.0;-0.001;-0.0;-0.0;-0.001;-0.001;-0.001;-0.001;-0.001;-0.001;-0.001;-0.001;-0.001;-0.001;-0.0;-0.001;-0.001;-0.001;-0.001;-0.001;-0.001;-0.001;-0.001;-0.0;-0.001;-0.001;-0.001;-0.001;-0.001;-0.001;-0.001;-0.001;-0.001;-0.001;-0.001;-0.001;-0.001;-0.001;-0.001;-0.001;-0.0;-0.001;-0.001;-0.001;-0.001;-0.0;-0.001;-0.001;-0.001;-0.0;-0.0;-0.001;-0.001;-0.0;-0.001;-0.0;-0.0;-0.001;-0.001;-0.0;-0.001;-0.001;-0.001;-0.0;-0.001;-0.0;-0.0;-0.0;-0.001;-0.0;-0.0;-0.0;-0.0;-0.0;-0.0;-0.0;-0.0;-0.001;-0.0;-0.0;-0.0;-0.0;-0.0;1.0;-0.0;-0.019;-0.005
index__org:resource_0_User_99;-0.001;-0.0;-0.0;-0.001;0.002;-0.002;-0.0;-0.0;-0.0;-0.0;-0.0;-0.0;-0.0;-0.0;-0.001;-0.0;-0.0;-0.001;-0.001;-0.001;-0.001;-0.001;-0.001;-0.001;-0.001;-0.001;-0.001;-0.0;-0.001;-0.001;-0.001;-0.001;-0.001;-0.001;-0.001;-0.001;-0.0;-0.001;-0.001;-0.001;-0.001;-0.001;-0.001;-0.001;-0.001;-0.001;-0.001;-0.001;-0.001;-0.001;-0.001;-0.001;-0.001;-0.0;-0.001;-0.001;-0.001;-0.001;-0.0;-0.001;-0.001;-0.001;-0.0;-0.0;-0.001;-0.001;-0.001;-0.001;-0.0;-0.0;-0.001;-0.001;-0.0;-0.001;-0.001;-0.001;-0.0;-0.001;-0.0;-0.0;-0.0;-0.001;-0.0;-0.001;-0.0;-0.0;-0.0;-0.001;-0.0;-0.0;-0.001;-0.0;-0.0;-0.0;-0.0;-0.0;-0.0;1.0;-0.021;-0.005
index__org:resource_0_other;0.011;0.012;-0.003;-0.003;-0.009;-0.182;-0.014;-0.021;-0.017;-0.026;-0.024;-0.008;-0.014;-0.039;-0.091;-0.019;-0.014;-0.108;-0.102;-0.152;-0.14;-0.152;-0.126;-0.132;-0.108;-0.08;-0.116;-0.044;-0.12;-0.113;-0.076;-0.116;-0.076;-0.145;-0.097;-0.082;-0.051;-0.065;-0.119;-0.135;-0.113;-0.095;-0.108;-0.149;-0.099;-0.12;-0.125;-0.13;-0.087;-0.113;-0.119;-0.085;-0.106;-0.036;-0.104;-0.132;-0.075;-0.081;-0.033;-0.065;-0.094;-0.091;-0.036;-0.033;-0.12;-0.13;-0.054;-0.072;-0.037;-0.037;-0.059;-0.086;-0.031;-0.097;-0.083;-0.098;-0.052;-0.069;-0.047;-0.039;-0.043;-0.062;-0.05;-0.054;-0.012;-0.026;-0.038;-0.057;-0.052;-0.026;-0.061;-0.028;-0.022;-0.025;-0.028;-0.031;-0.019;-0.021;1.0;0.05
encoded_label;-0.016;0.014;-0.003;0.014;-0.001;-0.009;-0.004;-0.005;-0.004;-0.007;-0.006;-0.002;-0.004;-0.01;-0.013;-0.005;0.017;-0.001;-0.012;-0.008;-0.016;-0.001;-0.013;-0.007;-0.016;-0.009;0.002;-0.001;-0.016;-0.007;-0.009;-0.002;0.004;-0.005;-0.006;-0.011;-0.004;-0.005;-0.013;-0.01;-0.004;-0.011;-0.01;-0.008;-0.001;-0.011;-0.006;-0.005;0.006;-0.011;0.003;0.003;-0.0;-0.005;-0.003;-0.009;-0.005;0.003;0.005;-0.007;0.008;0.001;0.003;-0.004;-0.005;-0.007;-0.003;-0.006;-0.001;-0.001;0.003;0.008;-0.008;-0.004;-0.001;-0.005;-0.01;0.002;-0.008;0.005;0.013;-0.003;0.003;-0.003;-0.003;-0.001;-0.006;-0.012;-0.005;0.005;-0.005;0.009;-0.005;-0.006;-0.002;-0.003;-0.005;-0.005;0.05;1.0
