;static__case:RequestedAmount;index__timesincemidnight_0;index__month_0;index__weekday_0;index__hour_0;index__open_cases_0;index__timesincelastevent_1;index__timesincecasestart_1;index__timesincemidnight_1;index__month_1;index__weekday_1;index__hour_1;index__open_cases_1;index__timesincelastevent_2;index__timesincecasestart_2;index__timesincemidnight_2;index__month_2;index__weekday_2;index__hour_2;index__open_cases_2;index__timesincelastevent_3;index__timesincecasestart_3;index__timesincemidnight_3;index__month_3;index__weekday_3;index__hour_3;index__open_cases_3;index__timesincelastevent_4;index__timesincecasestart_4;index__timesincemidnight_4;index__month_4;index__weekday_4;index__hour_4;index__open_cases_4;index__FirstWithdrawalAmount_5;index__MonthlyCost_5;index__NumberOfTerms_5;index__OfferedAmount_5;index__timesincelastevent_5;index__timesincecasestart_5;index__timesincemidnight_5;index__month_5;index__weekday_5;index__hour_5;index__open_cases_5;index__FirstWithdrawalAmount_6;index__MonthlyCost_6;index__NumberOfTerms_6;index__OfferedAmount_6;index__timesincelastevent_6;index__timesincecasestart_6;index__timesincemidnight_6;index__month_6;index__weekday_6;index__hour_6;index__open_cases_6;index__FirstWithdrawalAmount_7;index__MonthlyCost_7;index__NumberOfTerms_7;index__OfferedAmount_7;index__timesincelastevent_7;index__timesincecasestart_7;index__timesincemidnight_7;index__month_7;index__weekday_7;index__hour_7;index__open_cases_7;index__FirstWithdrawalAmount_8;index__MonthlyCost_8;index__NumberOfTerms_8;index__OfferedAmount_8;index__timesincelastevent_8;index__timesincecasestart_8;index__timesincemidnight_8;index__month_8;index__weekday_8;index__hour_8;index__open_cases_8;index__FirstWithdrawalAmount_9;index__MonthlyCost_9;index__NumberOfTerms_9;index__OfferedAmount_9;index__timesincelastevent_9;index__timesincecasestart_9;index__timesincemidnight_9;index__month_9;index__weekday_9;index__hour_9;index__open_cases_9;index__FirstWithdrawalAmount_10;index__MonthlyCost_10;index__NumberOfTerms_10;index__OfferedAmount_10;index__timesincelastevent_10;index__timesincecasestart_10;index__timesincemidnight_10;index__month_10;index__weekday_10;index__hour_10;index__open_cases_10;encoded_label
static__case:RequestedAmount;1.0;-0.001;0.079;0.01;-0.001;0.04;0.045;0.045;-0.001;0.079;0.01;-0.001;0.04;0.027;0.043;-0.001;0.079;0.01;-0.001;0.04;-0.006;-0.006;0.002;0.079;0.011;0.002;0.04;-0.003;-0.006;0.001;0.079;0.011;0.001;0.04;0.101;0.104;-0.006;0.158;0.018;0.015;0.005;0.079;0.017;0.005;0.041;0.104;0.111;-0.004;0.168;0.041;0.046;0.008;0.079;0.017;0.009;0.041;0.149;0.166;0.033;0.236;0.016;0.048;0.01;0.078;0.016;0.01;0.041;0.22;0.25;0.079;0.352;0.014;0.043;0.01;0.079;0.015;0.009;0.041;0.27;0.319;0.124;0.448;0.007;0.044;0.012;0.079;0.014;0.011;0.042;0.301;0.364;0.155;0.514;0.0;0.035;0.013;0.078;0.016;0.012;0.042;-0.015
index__timesincemidnight_0;-0.001;1.0;-0.028;0.008;0.998;-0.031;0.053;0.053;1.0;-0.028;0.008;0.998;-0.031;0.031;0.05;1.0;-0.028;0.008;0.998;-0.031;0.101;0.101;0.878;-0.028;0.005;0.877;-0.032;-0.036;0.099;0.878;-0.028;0.005;0.876;-0.032;-0.077;-0.121;-0.132;-0.12;-0.053;-0.016;0.834;-0.028;0.007;0.833;-0.033;-0.082;-0.131;-0.145;-0.131;0.14;0.13;0.212;-0.026;0.009;0.212;-0.04;-0.058;-0.122;-0.14;-0.126;-0.02;0.117;0.209;-0.027;0.01;0.209;-0.04;-0.022;-0.094;-0.116;-0.108;0.02;0.098;0.234;-0.026;0.01;0.234;-0.04;0.002;-0.067;-0.09;-0.086;0.026;0.103;0.246;-0.027;0.016;0.246;-0.041;0.016;-0.059;-0.08;-0.079;0.008;0.086;0.255;-0.027;0.016;0.254;-0.04;0.006
index__month_0;0.079;-0.028;1.0;-0.004;-0.029;0.622;0.453;0.453;-0.028;1.0;-0.004;-0.029;0.622;-0.091;0.216;-0.028;1.0;-0.004;-0.029;0.622;-0.011;-0.011;-0.023;1.0;-0.002;-0.023;0.622;-0.013;-0.011;-0.023;1.0;-0.002;-0.024;0.622;0.056;0.039;0.027;0.048;-0.004;-0.008;-0.027;0.999;-0.001;-0.028;0.622;0.057;0.039;0.026;0.047;0.0;-0.003;-0.013;0.993;0.011;-0.013;0.616;0.072;0.051;0.035;0.058;-0.004;-0.004;-0.013;0.993;0.009;-0.014;0.616;0.093;0.066;0.04;0.073;0.01;0.003;-0.017;0.991;0.011;-0.017;0.614;0.105;0.073;0.046;0.083;-0.001;0.003;-0.021;0.99;0.008;-0.022;0.613;0.108;0.077;0.048;0.09;-0.015;-0.005;-0.028;0.989;0.011;-0.028;0.612;0.015
index__weekday_0;0.01;0.008;-0.004;1.0;0.007;-0.009;0.044;0.044;0.008;-0.004;1.0;0.007;-0.009;0.051;0.057;0.008;-0.004;1.0;0.007;-0.009;0.155;0.155;-0.02;-0.004;0.924;-0.02;-0.01;-0.022;0.154;-0.021;-0.004;0.924;-0.02;-0.01;-0.055;-0.086;-0.098;-0.084;-0.023;0.033;-0.025;-0.004;0.897;-0.024;-0.011;-0.057;-0.094;-0.107;-0.092;0.191;0.2;-0.112;-0.007;0.295;-0.111;-0.015;-0.031;-0.083;-0.099;-0.085;-0.009;0.187;-0.111;-0.007;0.286;-0.111;-0.015;-0.002;-0.055;-0.077;-0.064;0.026;0.153;-0.088;-0.008;0.248;-0.087;-0.013;0.016;-0.035;-0.065;-0.047;0.014;0.151;-0.063;-0.009;0.223;-0.063;-0.014;0.023;-0.029;-0.06;-0.043;0.009;0.124;-0.056;-0.009;0.216;-0.056;-0.013;-0.011
index__hour_0;-0.001;0.998;-0.029;0.007;1.0;-0.032;0.053;0.053;0.998;-0.029;0.007;1.0;-0.032;0.03;0.05;0.998;-0.029;0.007;1.0;-0.032;0.101;0.101;0.877;-0.028;0.005;0.879;-0.032;-0.036;0.099;0.876;-0.028;0.005;0.878;-0.032;-0.076;-0.12;-0.131;-0.119;-0.053;-0.016;0.833;-0.028;0.006;0.834;-0.033;-0.081;-0.13;-0.144;-0.13;0.14;0.13;0.211;-0.027;0.009;0.212;-0.041;-0.057;-0.121;-0.139;-0.125;-0.021;0.117;0.208;-0.027;0.009;0.208;-0.041;-0.022;-0.093;-0.116;-0.107;0.019;0.097;0.233;-0.027;0.01;0.233;-0.041;0.003;-0.067;-0.089;-0.085;0.025;0.102;0.246;-0.027;0.016;0.245;-0.041;0.016;-0.059;-0.079;-0.078;0.008;0.085;0.254;-0.027;0.015;0.253;-0.041;0.006
index__open_cases_0;0.04;-0.031;0.622;-0.009;-0.032;1.0;0.09;0.09;-0.031;0.622;-0.009;-0.032;1.0;-0.038;0.031;-0.031;0.622;-0.009;-0.032;1.0;-0.003;-0.003;-0.036;0.622;-0.009;-0.037;1.0;-0.014;-0.004;-0.036;0.622;-0.009;-0.037;1.0;0.043;0.024;0.019;0.032;0.008;0.007;-0.043;0.623;-0.007;-0.044;0.999;0.043;0.026;0.02;0.034;0.069;0.07;-0.063;0.625;0.01;-0.063;0.992;0.073;0.054;0.044;0.057;-0.002;0.066;-0.063;0.626;0.009;-0.063;0.992;0.085;0.064;0.049;0.066;0.017;0.059;-0.064;0.626;0.009;-0.064;0.989;0.09;0.067;0.048;0.07;0.019;0.063;-0.066;0.626;0.009;-0.066;0.988;0.089;0.068;0.048;0.073;-0.009;0.045;-0.071;0.627;0.012;-0.071;0.986;0.004
index__timesincelastevent_1;0.045;0.053;0.453;0.044;0.053;0.09;1.0;1.0;0.053;0.453;0.044;0.053;0.09;0.376;0.826;0.053;0.453;0.044;0.053;0.09;0.027;0.027;0.049;0.453;0.039;0.049;0.089;-0.073;0.024;0.047;0.453;0.039;0.047;0.089;-0.139;-0.217;-0.249;-0.215;-0.085;-0.072;0.041;0.453;0.034;0.041;0.089;-0.145;-0.23;-0.265;-0.228;0.077;0.045;0.029;0.446;0.018;0.029;0.078;-0.116;-0.213;-0.256;-0.217;-0.027;0.034;0.031;0.445;0.019;0.031;0.078;-0.033;-0.135;-0.19;-0.152;0.041;0.049;0.035;0.444;0.016;0.035;0.075;0.011;-0.093;-0.149;-0.113;0.024;0.056;0.045;0.443;0.016;0.045;0.074;0.039;-0.066;-0.128;-0.09;0.013;0.051;0.04;0.443;0.009;0.039;0.073;0.028
index__timesincecasestart_1;0.045;0.053;0.453;0.044;0.053;0.09;1.0;1.0;0.053;0.453;0.044;0.053;0.09;0.376;0.826;0.053;0.453;0.044;0.053;0.09;0.027;0.027;0.049;0.453;0.039;0.049;0.089;-0.073;0.024;0.047;0.453;0.039;0.047;0.089;-0.139;-0.217;-0.249;-0.215;-0.085;-0.072;0.041;0.453;0.034;0.041;0.089;-0.145;-0.23;-0.265;-0.228;0.077;0.045;0.029;0.446;0.018;0.029;0.078;-0.116;-0.213;-0.256;-0.217;-0.027;0.034;0.031;0.445;0.019;0.031;0.078;-0.033;-0.135;-0.19;-0.152;0.041;0.049;0.035;0.444;0.016;0.035;0.075;0.011;-0.093;-0.149;-0.113;0.024;0.056;0.045;0.443;0.016;0.045;0.074;0.039;-0.066;-0.128;-0.09;0.013;0.051;0.04;0.443;0.009;0.039;0.073;0.028
index__timesincemidnight_1;-0.001;1.0;-0.028;0.008;0.998;-0.031;0.053;0.053;1.0;-0.028;0.008;0.998;-0.031;0.031;0.05;1.0;-0.028;0.008;0.998;-0.031;0.101;0.101;0.878;-0.028;0.005;0.877;-0.032;-0.036;0.099;0.878;-0.028;0.005;0.876;-0.032;-0.077;-0.121;-0.132;-0.12;-0.053;-0.016;0.834;-0.028;0.007;0.833;-0.033;-0.082;-0.131;-0.145;-0.131;0.14;0.13;0.212;-0.026;0.009;0.212;-0.04;-0.058;-0.122;-0.14;-0.126;-0.02;0.117;0.209;-0.027;0.01;0.209;-0.04;-0.022;-0.094;-0.116;-0.108;0.02;0.098;0.234;-0.026;0.01;0.234;-0.04;0.002;-0.067;-0.09;-0.086;0.026;0.103;0.246;-0.027;0.016;0.246;-0.041;0.016;-0.059;-0.08;-0.079;0.008;0.086;0.255;-0.027;0.016;0.254;-0.04;0.006
index__month_1;0.079;-0.028;1.0;-0.004;-0.029;0.622;0.453;0.453;-0.028;1.0;-0.004;-0.029;0.622;-0.091;0.216;-0.028;1.0;-0.004;-0.029;0.622;-0.011;-0.011;-0.023;1.0;-0.002;-0.023;0.622;-0.013;-0.011;-0.023;1.0;-0.002;-0.024;0.622;0.056;0.039;0.027;0.048;-0.004;-0.008;-0.027;0.999;-0.001;-0.028;0.622;0.057;0.039;0.026;0.047;0.0;-0.003;-0.013;0.993;0.011;-0.013;0.616;0.072;0.051;0.035;0.058;-0.004;-0.004;-0.013;0.993;0.009;-0.014;0.616;0.093;0.066;0.04;0.073;0.01;0.003;-0.017;0.991;0.011;-0.017;0.614;0.105;0.073;0.046;0.083;-0.001;0.003;-0.021;0.99;0.008;-0.022;0.613;0.108;0.077;0.048;0.09;-0.015;-0.005;-0.028;0.989;0.011;-0.028;0.612;0.015
index__weekday_1;0.01;0.008;-0.004;1.0;0.007;-0.009;0.044;0.044;0.008;-0.004;1.0;0.007;-0.009;0.051;0.057;0.008;-0.004;1.0;0.007;-0.009;0.155;0.155;-0.02;-0.004;0.924;-0.02;-0.01;-0.022;0.154;-0.021;-0.004;0.924;-0.02;-0.01;-0.055;-0.086;-0.098;-0.084;-0.023;0.033;-0.025;-0.004;0.897;-0.024;-0.011;-0.057;-0.094;-0.107;-0.092;0.191;0.2;-0.112;-0.007;0.295;-0.111;-0.015;-0.031;-0.083;-0.099;-0.085;-0.009;0.187;-0.111;-0.007;0.286;-0.111;-0.015;-0.002;-0.055;-0.077;-0.064;0.026;0.153;-0.088;-0.008;0.248;-0.087;-0.013;0.016;-0.035;-0.065;-0.047;0.014;0.151;-0.063;-0.009;0.223;-0.063;-0.014;0.023;-0.029;-0.06;-0.043;0.009;0.124;-0.056;-0.009;0.216;-0.056;-0.013;-0.011
index__hour_1;-0.001;0.998;-0.029;0.007;1.0;-0.032;0.053;0.053;0.998;-0.029;0.007;1.0;-0.032;0.03;0.05;0.998;-0.029;0.007;1.0;-0.032;0.101;0.101;0.877;-0.028;0.005;0.879;-0.032;-0.036;0.099;0.876;-0.028;0.005;0.878;-0.032;-0.076;-0.12;-0.131;-0.119;-0.053;-0.016;0.833;-0.028;0.006;0.834;-0.033;-0.081;-0.13;-0.144;-0.13;0.14;0.13;0.211;-0.027;0.009;0.212;-0.041;-0.057;-0.121;-0.139;-0.125;-0.021;0.117;0.208;-0.027;0.009;0.208;-0.041;-0.022;-0.093;-0.116;-0.107;0.019;0.097;0.233;-0.027;0.01;0.233;-0.041;0.003;-0.067;-0.089;-0.085;0.025;0.102;0.246;-0.027;0.016;0.245;-0.041;0.016;-0.059;-0.079;-0.078;0.008;0.085;0.254;-0.027;0.015;0.253;-0.041;0.006
index__open_cases_1;0.04;-0.031;0.622;-0.009;-0.032;1.0;0.09;0.09;-0.031;0.622;-0.009;-0.032;1.0;-0.038;0.031;-0.031;0.622;-0.009;-0.032;1.0;-0.003;-0.003;-0.036;0.622;-0.009;-0.037;1.0;-0.014;-0.004;-0.036;0.622;-0.009;-0.037;1.0;0.043;0.024;0.019;0.032;0.008;0.007;-0.043;0.623;-0.007;-0.044;0.999;0.043;0.026;0.02;0.034;0.069;0.07;-0.063;0.625;0.01;-0.063;0.992;0.073;0.054;0.044;0.057;-0.002;0.066;-0.063;0.626;0.009;-0.063;0.992;0.085;0.064;0.049;0.066;0.017;0.059;-0.064;0.626;0.009;-0.064;0.989;0.09;0.067;0.048;0.07;0.019;0.063;-0.066;0.626;0.009;-0.066;0.988;0.089;0.068;0.048;0.073;-0.009;0.045;-0.071;0.627;0.012;-0.071;0.986;0.004
index__timesincelastevent_2;0.027;0.031;-0.091;0.051;0.03;-0.038;0.376;0.376;0.031;-0.091;0.051;0.03;-0.038;1.0;0.833;0.031;-0.091;0.051;0.03;-0.038;0.044;0.044;0.021;-0.091;0.046;0.021;-0.038;-0.076;0.041;0.018;-0.091;0.046;0.018;-0.038;-0.151;-0.234;-0.268;-0.231;-0.087;-0.068;0.011;-0.091;0.04;0.011;-0.039;-0.157;-0.248;-0.285;-0.245;0.166;0.133;-0.021;-0.09;0.011;-0.02;-0.037;-0.119;-0.22;-0.263;-0.224;-0.024;0.119;-0.017;-0.09;0.013;-0.018;-0.037;-0.057;-0.157;-0.206;-0.174;0.045;0.114;-0.011;-0.089;0.008;-0.011;-0.036;-0.026;-0.12;-0.169;-0.139;0.035;0.121;0.002;-0.089;0.013;0.002;-0.036;-0.006;-0.096;-0.149;-0.119;0.035;0.114;-0.004;-0.089;-0.003;-0.004;-0.035;0.006
index__timesincecasestart_2;0.043;0.05;0.216;0.057;0.05;0.031;0.826;0.826;0.05;0.216;0.057;0.05;0.031;0.833;1.0;0.05;0.216;0.057;0.05;0.031;0.043;0.043;0.042;0.216;0.051;0.042;0.03;-0.089;0.039;0.039;0.216;0.051;0.039;0.03;-0.175;-0.272;-0.312;-0.269;-0.103;-0.084;0.032;0.215;0.045;0.032;0.029;-0.182;-0.288;-0.332;-0.285;0.147;0.108;0.005;0.212;0.018;0.005;0.024;-0.142;-0.261;-0.313;-0.266;-0.031;0.093;0.008;0.212;0.019;0.008;0.024;-0.055;-0.176;-0.238;-0.197;0.052;0.099;0.014;0.211;0.014;0.014;0.023;-0.009;-0.128;-0.191;-0.152;0.036;0.107;0.028;0.211;0.018;0.028;0.022;0.02;-0.098;-0.167;-0.126;0.029;0.099;0.021;0.211;0.004;0.021;0.022;0.02
index__timesincemidnight_2;-0.001;1.0;-0.028;0.008;0.998;-0.031;0.053;0.053;1.0;-0.028;0.008;0.998;-0.031;0.031;0.05;1.0;-0.028;0.008;0.998;-0.031;0.101;0.101;0.878;-0.028;0.005;0.877;-0.032;-0.036;0.099;0.878;-0.028;0.005;0.876;-0.032;-0.077;-0.121;-0.132;-0.12;-0.053;-0.016;0.834;-0.028;0.007;0.833;-0.033;-0.082;-0.131;-0.145;-0.131;0.14;0.13;0.212;-0.026;0.009;0.212;-0.04;-0.058;-0.122;-0.14;-0.126;-0.02;0.117;0.209;-0.027;0.01;0.209;-0.04;-0.022;-0.094;-0.116;-0.108;0.02;0.098;0.234;-0.026;0.01;0.234;-0.04;0.002;-0.067;-0.09;-0.086;0.026;0.103;0.246;-0.027;0.016;0.246;-0.041;0.016;-0.059;-0.08;-0.079;0.008;0.086;0.255;-0.027;0.016;0.254;-0.04;0.006
index__month_2;0.079;-0.028;1.0;-0.004;-0.029;0.622;0.453;0.453;-0.028;1.0;-0.004;-0.029;0.622;-0.091;0.216;-0.028;1.0;-0.004;-0.029;0.622;-0.011;-0.011;-0.023;1.0;-0.002;-0.023;0.622;-0.013;-0.011;-0.023;1.0;-0.002;-0.024;0.622;0.056;0.039;0.027;0.048;-0.004;-0.008;-0.027;0.999;-0.001;-0.028;0.622;0.057;0.039;0.026;0.047;0.0;-0.003;-0.013;0.993;0.011;-0.013;0.616;0.072;0.051;0.035;0.058;-0.004;-0.004;-0.013;0.993;0.009;-0.014;0.616;0.093;0.066;0.04;0.073;0.01;0.003;-0.017;0.991;0.011;-0.017;0.614;0.105;0.073;0.046;0.083;-0.001;0.003;-0.021;0.99;0.008;-0.022;0.613;0.108;0.077;0.048;0.09;-0.015;-0.005;-0.028;0.989;0.011;-0.028;0.612;0.015
index__weekday_2;0.01;0.008;-0.004;1.0;0.007;-0.009;0.044;0.044;0.008;-0.004;1.0;0.007;-0.009;0.051;0.057;0.008;-0.004;1.0;0.007;-0.009;0.155;0.155;-0.02;-0.004;0.924;-0.02;-0.01;-0.022;0.154;-0.021;-0.004;0.924;-0.02;-0.01;-0.055;-0.086;-0.098;-0.084;-0.023;0.033;-0.025;-0.004;0.897;-0.024;-0.011;-0.057;-0.094;-0.107;-0.092;0.191;0.2;-0.112;-0.007;0.295;-0.111;-0.015;-0.031;-0.083;-0.099;-0.085;-0.009;0.187;-0.111;-0.007;0.286;-0.111;-0.015;-0.002;-0.055;-0.077;-0.064;0.026;0.153;-0.088;-0.008;0.248;-0.087;-0.013;0.016;-0.035;-0.065;-0.047;0.014;0.151;-0.063;-0.009;0.223;-0.063;-0.014;0.023;-0.029;-0.06;-0.043;0.009;0.124;-0.056;-0.009;0.216;-0.056;-0.013;-0.011
index__hour_2;-0.001;0.998;-0.029;0.007;1.0;-0.032;0.053;0.053;0.998;-0.029;0.007;1.0;-0.032;0.03;0.05;0.998;-0.029;0.007;1.0;-0.032;0.101;0.101;0.877;-0.028;0.005;0.879;-0.032;-0.036;0.099;0.876;-0.028;0.005;0.878;-0.032;-0.076;-0.12;-0.131;-0.119;-0.053;-0.016;0.833;-0.028;0.006;0.834;-0.033;-0.081;-0.13;-0.144;-0.13;0.14;0.13;0.211;-0.027;0.009;0.212;-0.041;-0.057;-0.121;-0.139;-0.125;-0.021;0.117;0.208;-0.027;0.009;0.208;-0.041;-0.022;-0.093;-0.116;-0.107;0.019;0.097;0.233;-0.027;0.01;0.233;-0.041;0.003;-0.067;-0.089;-0.085;0.025;0.102;0.245;-0.027;0.016;0.245;-0.041;0.016;-0.059;-0.079;-0.078;0.008;0.085;0.254;-0.027;0.015;0.253;-0.041;0.006
index__open_cases_2;0.04;-0.031;0.622;-0.009;-0.032;1.0;0.09;0.09;-0.031;0.622;-0.009;-0.032;1.0;-0.038;0.031;-0.031;0.622;-0.009;-0.032;1.0;-0.003;-0.003;-0.036;0.622;-0.009;-0.037;1.0;-0.014;-0.004;-0.036;0.622;-0.009;-0.037;1.0;0.043;0.024;0.019;0.032;0.008;0.007;-0.043;0.623;-0.007;-0.044;0.999;0.043;0.026;0.02;0.034;0.069;0.07;-0.063;0.625;0.01;-0.063;0.992;0.073;0.054;0.044;0.057;-0.002;0.066;-0.063;0.626;0.009;-0.063;0.992;0.085;0.064;0.049;0.066;0.017;0.059;-0.064;0.626;0.009;-0.064;0.989;0.09;0.067;0.048;0.07;0.019;0.063;-0.066;0.626;0.009;-0.066;0.988;0.089;0.068;0.048;0.073;-0.009;0.045;-0.071;0.627;0.012;-0.071;0.986;0.004
index__timesincelastevent_3;-0.006;0.101;-0.011;0.155;0.101;-0.003;0.027;0.027;0.101;-0.011;0.155;0.101;-0.003;0.044;0.043;0.101;-0.011;0.155;0.101;-0.003;1.0;1.0;-0.218;-0.01;-0.106;-0.215;-0.006;0.027;0.999;-0.217;-0.01;-0.106;-0.214;-0.006;-0.056;-0.087;-0.099;-0.086;-0.031;0.322;-0.221;-0.01;-0.11;-0.219;-0.006;-0.058;-0.092;-0.106;-0.091;-0.126;0.013;-0.228;-0.01;-0.094;-0.226;-0.006;-0.068;-0.107;-0.125;-0.106;-0.017;0.007;-0.231;-0.01;-0.094;-0.229;-0.006;-0.09;-0.141;-0.17;-0.138;-0.045;-0.021;-0.235;-0.01;-0.093;-0.232;-0.007;-0.105;-0.169;-0.21;-0.163;0.231;0.065;-0.05;-0.01;-0.066;-0.049;-0.005;-0.099;-0.164;-0.21;-0.159;-0.024;0.04;-0.049;-0.01;-0.066;-0.048;-0.005;0.057
index__timesincecasestart_3;-0.006;0.101;-0.011;0.155;0.101;-0.003;0.027;0.027;0.101;-0.011;0.155;0.101;-0.003;0.044;0.043;0.101;-0.011;0.155;0.101;-0.003;1.0;1.0;-0.218;-0.01;-0.106;-0.215;-0.006;0.027;0.999;-0.217;-0.01;-0.106;-0.214;-0.006;-0.056;-0.087;-0.099;-0.086;-0.031;0.322;-0.221;-0.01;-0.11;-0.219;-0.006;-0.058;-0.092;-0.106;-0.091;-0.126;0.013;-0.228;-0.01;-0.094;-0.226;-0.006;-0.068;-0.107;-0.125;-0.106;-0.017;0.007;-0.231;-0.01;-0.094;-0.229;-0.006;-0.09;-0.141;-0.17;-0.138;-0.045;-0.021;-0.235;-0.01;-0.093;-0.232;-0.007;-0.105;-0.169;-0.21;-0.163;0.231;0.065;-0.05;-0.01;-0.066;-0.049;-0.005;-0.099;-0.164;-0.21;-0.159;-0.024;0.04;-0.049;-0.01;-0.066;-0.048;-0.005;0.057
index__timesincemidnight_3;0.002;0.878;-0.023;-0.02;0.877;-0.036;0.049;0.049;0.878;-0.023;-0.02;0.877;-0.036;0.021;0.042;0.878;-0.023;-0.02;0.877;-0.036;-0.218;-0.218;1.0;-0.023;0.034;0.998;-0.034;-0.041;-0.219;1.0;-0.023;0.034;0.997;-0.034;-0.06;-0.095;-0.102;-0.094;-0.043;-0.118;0.956;-0.023;0.036;0.955;-0.035;-0.065;-0.104;-0.113;-0.103;0.185;0.13;0.34;-0.022;0.033;0.339;-0.042;-0.037;-0.089;-0.102;-0.093;-0.015;0.119;0.337;-0.022;0.033;0.336;-0.042;0.007;-0.048;-0.062;-0.064;0.035;0.109;0.363;-0.021;0.033;0.363;-0.042;0.038;-0.012;-0.022;-0.032;-0.05;0.085;0.269;-0.022;0.031;0.269;-0.043;0.05;-0.005;-0.012;-0.027;0.017;0.075;0.278;-0.021;0.03;0.276;-0.042;-0.01
index__month_3;0.079;-0.028;1.0;-0.004;-0.028;0.622;0.453;0.453;-0.028;1.0;-0.004;-0.028;0.622;-0.091;0.216;-0.028;1.0;-0.004;-0.028;0.622;-0.01;-0.01;-0.023;1.0;-0.002;-0.024;0.623;-0.013;-0.01;-0.024;1.0;-0.002;-0.024;0.623;0.055;0.039;0.027;0.048;-0.004;-0.007;-0.028;1.0;-0.001;-0.028;0.622;0.057;0.039;0.025;0.047;0.0;-0.003;-0.013;0.993;0.011;-0.013;0.616;0.072;0.051;0.034;0.058;-0.004;-0.004;-0.014;0.993;0.009;-0.014;0.616;0.093;0.066;0.04;0.072;0.01;0.003;-0.017;0.991;0.011;-0.017;0.614;0.104;0.073;0.046;0.083;-0.001;0.002;-0.022;0.99;0.008;-0.022;0.613;0.108;0.076;0.047;0.089;-0.015;-0.005;-0.028;0.99;0.011;-0.028;0.612;0.015
index__weekday_3;0.011;0.005;-0.002;0.924;0.005;-0.009;0.039;0.039;0.005;-0.002;0.924;0.005;-0.009;0.046;0.051;0.005;-0.002;0.924;0.005;-0.009;-0.106;-0.106;0.034;-0.002;1.0;0.033;-0.009;-0.02;-0.107;0.033;-0.002;1.0;0.033;-0.009;-0.044;-0.07;-0.079;-0.068;-0.016;-0.053;0.029;-0.002;0.973;0.029;-0.01;-0.046;-0.077;-0.087;-0.075;0.219;0.191;-0.055;-0.005;0.364;-0.054;-0.014;-0.018;-0.063;-0.075;-0.064;-0.005;0.18;-0.054;-0.005;0.355;-0.054;-0.014;0.017;-0.027;-0.044;-0.036;0.036;0.154;-0.03;-0.006;0.316;-0.03;-0.012;0.038;-0.001;-0.023;-0.015;-0.027;0.136;-0.05;-0.007;0.276;-0.05;-0.012;0.044;0.005;-0.019;-0.011;0.014;0.115;-0.043;-0.007;0.269;-0.043;-0.011;-0.021
index__hour_3;0.002;0.877;-0.023;-0.02;0.879;-0.037;0.049;0.049;0.877;-0.023;-0.02;0.879;-0.037;0.021;0.042;0.877;-0.023;-0.02;0.879;-0.037;-0.215;-0.215;0.998;-0.024;0.033;1.0;-0.035;-0.04;-0.216;0.997;-0.024;0.033;0.999;-0.035;-0.06;-0.094;-0.101;-0.093;-0.044;-0.117;0.955;-0.024;0.036;0.956;-0.036;-0.064;-0.103;-0.112;-0.103;0.184;0.13;0.338;-0.022;0.032;0.339;-0.043;-0.036;-0.088;-0.101;-0.093;-0.015;0.119;0.335;-0.022;0.032;0.336;-0.043;0.007;-0.048;-0.062;-0.064;0.035;0.108;0.362;-0.022;0.033;0.362;-0.043;0.038;-0.012;-0.021;-0.032;-0.051;0.084;0.268;-0.022;0.031;0.268;-0.044;0.05;-0.005;-0.011;-0.027;0.016;0.075;0.276;-0.022;0.03;0.275;-0.043;-0.01
index__open_cases_3;0.04;-0.032;0.622;-0.01;-0.032;1.0;0.089;0.089;-0.032;0.622;-0.01;-0.032;1.0;-0.038;0.03;-0.032;0.622;-0.01;-0.032;1.0;-0.006;-0.006;-0.034;0.623;-0.009;-0.035;1.0;-0.015;-0.006;-0.034;0.623;-0.009;-0.035;1.0;0.044;0.025;0.02;0.032;0.009;0.006;-0.042;0.623;-0.007;-0.042;0.999;0.043;0.026;0.021;0.034;0.07;0.071;-0.061;0.626;0.01;-0.061;0.992;0.073;0.054;0.045;0.057;-0.002;0.067;-0.061;0.626;0.009;-0.061;0.992;0.085;0.065;0.05;0.067;0.017;0.059;-0.062;0.626;0.009;-0.062;0.99;0.09;0.067;0.049;0.071;0.018;0.063;-0.066;0.627;0.009;-0.066;0.988;0.09;0.068;0.049;0.074;-0.009;0.045;-0.071;0.627;0.012;-0.071;0.987;0.003
index__timesincelastevent_4;-0.003;-0.036;-0.013;-0.022;-0.036;-0.014;-0.073;-0.073;-0.036;-0.013;-0.022;-0.036;-0.014;-0.076;-0.089;-0.036;-0.013;-0.022;-0.036;-0.014;0.027;0.027;-0.041;-0.013;-0.02;-0.04;-0.015;1.0;0.066;-0.009;-0.013;-0.02;-0.008;-0.014;0.098;0.16;0.174;0.159;0.026;0.047;-0.053;-0.013;-0.02;-0.053;-0.014;0.105;0.165;0.185;0.165;-0.129;-0.105;-0.008;-0.014;0.008;-0.008;-0.014;0.075;0.134;0.155;0.138;0.0;-0.1;-0.009;-0.014;0.007;-0.009;-0.014;0.028;0.079;0.098;0.091;-0.044;-0.099;-0.016;-0.014;0.01;-0.016;-0.015;0.001;0.045;0.06;0.06;-0.004;-0.096;-0.018;-0.014;0.01;-0.018;-0.015;-0.012;0.028;0.041;0.045;-0.025;-0.088;-0.022;-0.014;0.011;-0.021;-0.015;0.011
index__timesincecasestart_4;-0.006;0.099;-0.011;0.154;0.099;-0.004;0.024;0.024;0.099;-0.011;0.154;0.099;-0.004;0.041;0.039;0.099;-0.011;0.154;0.099;-0.004;0.999;0.999;-0.219;-0.01;-0.107;-0.216;-0.006;0.066;1.0;-0.217;-0.01;-0.107;-0.214;-0.006;-0.052;-0.08;-0.093;-0.079;-0.03;0.323;-0.223;-0.01;-0.111;-0.221;-0.007;-0.054;-0.085;-0.098;-0.084;-0.131;0.009;-0.228;-0.011;-0.094;-0.226;-0.007;-0.065;-0.102;-0.119;-0.101;-0.017;0.004;-0.231;-0.011;-0.094;-0.229;-0.007;-0.089;-0.138;-0.166;-0.134;-0.047;-0.025;-0.235;-0.011;-0.092;-0.233;-0.007;-0.105;-0.167;-0.207;-0.16;0.231;0.061;-0.051;-0.011;-0.066;-0.05;-0.006;-0.099;-0.163;-0.208;-0.157;-0.024;0.037;-0.05;-0.011;-0.065;-0.049;-0.006;0.057
index__timesincemidnight_4;0.001;0.878;-0.023;-0.021;0.876;-0.036;0.047;0.047;0.878;-0.023;-0.021;0.876;-0.036;0.018;0.039;0.878;-0.023;-0.021;0.876;-0.036;-0.217;-0.217;1.0;-0.024;0.033;0.997;-0.034;-0.009;-0.217;1.0;-0.024;0.033;0.998;-0.034;-0.057;-0.09;-0.097;-0.089;-0.043;-0.117;0.956;-0.023;0.036;0.954;-0.035;-0.061;-0.099;-0.107;-0.098;0.181;0.127;0.34;-0.022;0.033;0.339;-0.043;-0.034;-0.085;-0.097;-0.089;-0.015;0.116;0.337;-0.022;0.033;0.336;-0.043;0.008;-0.046;-0.059;-0.061;0.034;0.106;0.363;-0.022;0.034;0.362;-0.043;0.038;-0.01;-0.02;-0.031;-0.05;0.082;0.269;-0.022;0.031;0.269;-0.043;0.05;-0.004;-0.01;-0.025;0.016;0.073;0.277;-0.022;0.03;0.276;-0.043;-0.01
index__month_4;0.079;-0.028;1.0;-0.004;-0.028;0.622;0.453;0.453;-0.028;1.0;-0.004;-0.028;0.622;-0.091;0.216;-0.028;1.0;-0.004;-0.028;0.622;-0.01;-0.01;-0.023;1.0;-0.002;-0.024;0.623;-0.013;-0.01;-0.024;1.0;-0.002;-0.024;0.623;0.055;0.039;0.027;0.048;-0.004;-0.007;-0.028;1.0;-0.001;-0.028;0.622;0.057;0.039;0.025;0.047;0.0;-0.003;-0.013;0.993;0.011;-0.013;0.616;0.072;0.051;0.034;0.058;-0.004;-0.004;-0.014;0.993;0.009;-0.014;0.616;0.093;0.066;0.04;0.072;0.01;0.003;-0.017;0.991;0.011;-0.017;0.614;0.104;0.073;0.046;0.083;-0.001;0.002;-0.022;0.99;0.008;-0.022;0.613;0.108;0.076;0.047;0.089;-0.015;-0.005;-0.028;0.99;0.011;-0.028;0.612;0.015
index__weekday_4;0.011;0.005;-0.002;0.924;0.005;-0.009;0.039;0.039;0.005;-0.002;0.924;0.005;-0.009;0.046;0.051;0.005;-0.002;0.924;0.005;-0.009;-0.106;-0.106;0.034;-0.002;1.0;0.033;-0.009;-0.02;-0.107;0.033;-0.002;1.0;0.033;-0.009;-0.044;-0.07;-0.079;-0.068;-0.016;-0.053;0.029;-0.002;0.973;0.029;-0.01;-0.046;-0.077;-0.087;-0.075;0.219;0.191;-0.055;-0.005;0.364;-0.054;-0.014;-0.018;-0.063;-0.075;-0.064;-0.005;0.18;-0.054;-0.005;0.355;-0.054;-0.014;0.017;-0.027;-0.044;-0.036;0.036;0.154;-0.03;-0.006;0.316;-0.03;-0.012;0.038;-0.001;-0.023;-0.015;-0.027;0.136;-0.05;-0.007;0.276;-0.05;-0.012;0.044;0.005;-0.019;-0.011;0.014;0.115;-0.043;-0.007;0.269;-0.043;-0.011;-0.021
index__hour_4;0.001;0.876;-0.024;-0.02;0.878;-0.037;0.047;0.047;0.876;-0.024;-0.02;0.878;-0.037;0.018;0.039;0.876;-0.024;-0.02;0.878;-0.037;-0.214;-0.214;0.997;-0.024;0.033;0.999;-0.035;-0.008;-0.214;0.998;-0.024;0.033;1.0;-0.035;-0.057;-0.089;-0.096;-0.089;-0.043;-0.116;0.954;-0.024;0.035;0.955;-0.036;-0.061;-0.098;-0.107;-0.098;0.181;0.128;0.338;-0.022;0.033;0.339;-0.044;-0.034;-0.085;-0.097;-0.089;-0.015;0.116;0.335;-0.023;0.033;0.336;-0.044;0.008;-0.046;-0.059;-0.061;0.034;0.106;0.361;-0.022;0.034;0.362;-0.044;0.038;-0.01;-0.02;-0.031;-0.051;0.082;0.268;-0.023;0.031;0.268;-0.044;0.05;-0.004;-0.01;-0.026;0.016;0.073;0.276;-0.022;0.03;0.275;-0.044;-0.01
index__open_cases_4;0.04;-0.032;0.622;-0.01;-0.032;1.0;0.089;0.089;-0.032;0.622;-0.01;-0.032;1.0;-0.038;0.03;-0.032;0.622;-0.01;-0.032;1.0;-0.006;-0.006;-0.034;0.623;-0.009;-0.035;1.0;-0.014;-0.006;-0.034;0.623;-0.009;-0.035;1.0;0.044;0.025;0.02;0.032;0.009;0.006;-0.041;0.623;-0.007;-0.042;0.999;0.043;0.026;0.021;0.034;0.07;0.071;-0.061;0.626;0.01;-0.061;0.992;0.073;0.054;0.045;0.057;-0.002;0.067;-0.061;0.626;0.009;-0.061;0.992;0.085;0.065;0.05;0.067;0.017;0.059;-0.061;0.626;0.009;-0.062;0.99;0.09;0.067;0.049;0.071;0.018;0.063;-0.066;0.627;0.009;-0.066;0.988;0.09;0.068;0.049;0.074;-0.009;0.045;-0.071;0.627;0.012;-0.071;0.987;0.003
index__FirstWithdrawalAmount_5;0.101;-0.077;0.056;-0.055;-0.076;0.043;-0.139;-0.139;-0.077;0.056;-0.055;-0.076;0.043;-0.151;-0.175;-0.077;0.056;-0.055;-0.076;0.043;-0.056;-0.056;-0.06;0.055;-0.044;-0.06;0.044;0.098;-0.052;-0.057;0.055;-0.044;-0.057;0.044;1.0;0.575;0.48;0.603;-0.05;-0.066;-0.057;0.055;-0.048;-0.057;0.043;0.971;0.543;0.447;0.569;-0.201;-0.224;0.011;0.055;-0.01;0.011;0.044;0.78;0.46;0.377;0.491;-0.027;-0.22;0.008;0.055;-0.01;0.008;0.044;0.593;0.346;0.276;0.392;-0.068;-0.203;-0.003;0.054;-0.007;-0.003;0.043;0.506;0.287;0.217;0.336;-0.058;-0.214;-0.014;0.054;-0.013;-0.015;0.043;0.464;0.252;0.184;0.305;-0.039;-0.189;-0.02;0.054;-0.012;-0.021;0.042;-0.003
index__MonthlyCost_5;0.104;-0.121;0.039;-0.086;-0.12;0.024;-0.217;-0.217;-0.121;0.039;-0.086;-0.12;0.024;-0.234;-0.272;-0.121;0.039;-0.086;-0.12;0.024;-0.087;-0.087;-0.095;0.039;-0.07;-0.094;0.025;0.16;-0.08;-0.09;0.039;-0.07;-0.089;0.025;0.575;1.0;0.656;0.888;-0.079;-0.103;-0.089;0.038;-0.075;-0.089;0.024;0.553;0.946;0.608;0.836;-0.313;-0.349;0.016;0.037;-0.017;0.016;0.025;0.445;0.808;0.506;0.722;-0.042;-0.343;0.012;0.037;-0.017;0.012;0.024;0.287;0.613;0.354;0.57;-0.101;-0.312;-0.005;0.037;-0.011;-0.005;0.023;0.204;0.52;0.261;0.485;-0.093;-0.331;-0.022;0.037;-0.02;-0.022;0.023;0.164;0.464;0.207;0.437;-0.06;-0.292;-0.031;0.036;-0.018;-0.031;0.022;-0.024
index__NumberOfTerms_5;-0.006;-0.132;0.027;-0.098;-0.131;0.019;-0.249;-0.249;-0.132;0.027;-0.098;-0.131;0.019;-0.268;-0.312;-0.132;0.027;-0.098;-0.131;0.019;-0.099;-0.099;-0.102;0.027;-0.079;-0.101;0.02;0.174;-0.093;-0.097;0.027;-0.079;-0.096;0.02;0.48;0.656;1.0;0.801;-0.09;-0.118;-0.096;0.027;-0.085;-0.096;0.019;0.458;0.611;0.937;0.749;-0.359;-0.4;0.026;0.025;-0.019;0.026;0.02;0.354;0.497;0.799;0.634;-0.048;-0.393;0.021;0.025;-0.019;0.021;0.019;0.199;0.326;0.612;0.474;-0.116;-0.358;0.003;0.025;-0.012;0.002;0.018;0.115;0.227;0.509;0.38;-0.106;-0.379;-0.018;0.025;-0.022;-0.018;0.017;0.073;0.167;0.453;0.326;-0.069;-0.335;-0.028;0.024;-0.019;-0.027;0.017;-0.03
index__OfferedAmount_5;0.158;-0.12;0.048;-0.084;-0.119;0.032;-0.215;-0.215;-0.12;0.048;-0.084;-0.119;0.032;-0.231;-0.269;-0.12;0.048;-0.084;-0.119;0.032;-0.086;-0.086;-0.094;0.048;-0.068;-0.093;0.032;0.159;-0.079;-0.089;0.048;-0.068;-0.089;0.032;0.603;0.888;0.801;1.0;-0.078;-0.101;-0.089;0.048;-0.073;-0.089;0.032;0.581;0.839;0.749;0.944;-0.309;-0.345;0.015;0.047;-0.016;0.015;0.032;0.467;0.713;0.636;0.821;-0.042;-0.339;0.01;0.047;-0.016;0.011;0.032;0.306;0.538;0.478;0.664;-0.098;-0.308;-0.005;0.047;-0.01;-0.006;0.031;0.223;0.447;0.388;0.577;-0.091;-0.326;-0.023;0.046;-0.019;-0.023;0.031;0.182;0.393;0.339;0.529;-0.059;-0.288;-0.032;0.046;-0.017;-0.031;0.03;-0.026
index__timesincelastevent_5;0.018;-0.053;-0.004;-0.023;-0.053;0.008;-0.085;-0.085;-0.053;-0.004;-0.023;-0.053;0.008;-0.087;-0.103;-0.053;-0.004;-0.023;-0.053;0.008;-0.031;-0.031;-0.043;-0.004;-0.016;-0.044;0.009;0.026;-0.03;-0.043;-0.004;-0.016;-0.043;0.009;-0.05;-0.079;-0.09;-0.078;1.0;0.936;-0.07;-0.003;-0.024;-0.069;0.016;-0.044;-0.044;-0.046;-0.043;-0.119;0.28;-0.034;-0.003;-0.002;-0.033;0.016;-0.048;0.008;0.021;0.016;0.198;0.323;-0.017;-0.003;-0.006;-0.015;0.017;-0.065;0.024;0.052;0.046;-0.033;0.22;-0.02;-0.003;-0.004;-0.02;0.017;-0.079;0.014;0.049;0.042;0.029;0.219;-0.024;-0.003;-0.007;-0.023;0.017;-0.086;0.017;0.059;0.048;-0.019;0.165;-0.024;-0.003;-0.006;-0.023;0.017;-0.027
index__timesincecasestart_5;0.015;-0.016;-0.008;0.033;-0.016;0.007;-0.072;-0.072;-0.016;-0.008;0.033;-0.016;0.007;-0.068;-0.084;-0.016;-0.008;0.033;-0.016;0.007;0.322;0.322;-0.118;-0.007;-0.053;-0.117;0.006;0.047;0.323;-0.117;-0.007;-0.053;-0.116;0.006;-0.066;-0.103;-0.118;-0.101;0.936;1.0;-0.145;-0.006;-0.062;-0.143;0.013;-0.061;-0.072;-0.078;-0.07;-0.158;0.268;-0.112;-0.007;-0.034;-0.111;0.013;-0.068;-0.028;-0.022;-0.021;0.182;0.307;-0.097;-0.006;-0.039;-0.095;0.014;-0.093;-0.026;-0.009;-0.004;-0.048;0.199;-0.102;-0.006;-0.037;-0.1;0.013;-0.112;-0.045;-0.027;-0.017;0.109;0.229;-0.04;-0.006;-0.03;-0.04;0.014;-0.116;-0.041;-0.017;-0.01;-0.026;0.169;-0.04;-0.006;-0.028;-0.039;0.014;-0.006
index__timesincemidnight_5;0.005;0.834;-0.027;-0.025;0.833;-0.043;0.041;0.041;0.834;-0.027;-0.025;0.833;-0.043;0.011;0.032;0.834;-0.027;-0.025;0.833;-0.043;-0.221;-0.221;0.956;-0.028;0.029;0.955;-0.042;-0.053;-0.223;0.956;-0.028;0.029;0.954;-0.041;-0.057;-0.089;-0.096;-0.089;-0.07;-0.145;1.0;-0.028;0.025;0.998;-0.042;-0.06;-0.096;-0.103;-0.095;0.173;0.108;0.394;-0.026;0.024;0.394;-0.05;-0.034;-0.082;-0.091;-0.085;-0.002;0.101;0.374;-0.026;0.026;0.374;-0.05;0.006;-0.046;-0.055;-0.058;0.032;0.093;0.4;-0.026;0.026;0.399;-0.049;0.035;-0.009;-0.014;-0.027;-0.049;0.071;0.304;-0.026;0.024;0.303;-0.05;0.047;-0.003;-0.004;-0.021;0.015;0.063;0.311;-0.026;0.023;0.309;-0.05;-0.011
index__month_5;0.079;-0.028;0.999;-0.004;-0.028;0.623;0.453;0.453;-0.028;0.999;-0.004;-0.028;0.623;-0.091;0.215;-0.028;0.999;-0.004;-0.028;0.623;-0.01;-0.01;-0.023;1.0;-0.002;-0.024;0.623;-0.013;-0.01;-0.023;1.0;-0.002;-0.024;0.623;0.055;0.038;0.027;0.048;-0.003;-0.006;-0.028;1.0;-0.001;-0.028;0.622;0.057;0.039;0.025;0.047;-0.0;-0.003;-0.013;0.994;0.011;-0.013;0.617;0.072;0.051;0.035;0.058;-0.003;-0.004;-0.014;0.993;0.009;-0.014;0.616;0.093;0.066;0.041;0.073;0.01;0.003;-0.017;0.991;0.011;-0.017;0.614;0.104;0.073;0.046;0.083;-0.0;0.003;-0.021;0.991;0.008;-0.022;0.613;0.108;0.076;0.048;0.09;-0.015;-0.005;-0.028;0.99;0.012;-0.028;0.612;0.015
index__weekday_5;0.017;0.007;-0.001;0.897;0.006;-0.007;0.034;0.034;0.007;-0.001;0.897;0.006;-0.007;0.04;0.045;0.007;-0.001;0.897;0.006;-0.007;-0.11;-0.11;0.036;-0.001;0.973;0.036;-0.007;-0.02;-0.111;0.036;-0.001;0.973;0.035;-0.007;-0.048;-0.075;-0.085;-0.073;-0.024;-0.062;0.025;-0.001;1.0;0.025;-0.008;-0.05;-0.08;-0.091;-0.078;0.213;0.181;-0.057;-0.004;0.393;-0.056;-0.012;-0.021;-0.06;-0.072;-0.061;0.013;0.176;-0.056;-0.004;0.38;-0.056;-0.012;0.012;-0.022;-0.037;-0.03;0.036;0.151;-0.031;-0.005;0.341;-0.031;-0.01;0.033;0.002;-0.018;-0.009;-0.023;0.134;-0.052;-0.005;0.3;-0.052;-0.01;0.039;0.009;-0.012;-0.004;0.014;0.113;-0.045;-0.006;0.292;-0.046;-0.009;-0.022
index__hour_5;0.005;0.833;-0.028;-0.024;0.834;-0.044;0.041;0.041;0.833;-0.028;-0.024;0.834;-0.044;0.011;0.032;0.833;-0.028;-0.024;0.834;-0.044;-0.219;-0.219;0.955;-0.028;0.029;0.956;-0.042;-0.053;-0.221;0.954;-0.028;0.029;0.955;-0.042;-0.057;-0.089;-0.096;-0.089;-0.069;-0.143;0.998;-0.028;0.025;1.0;-0.042;-0.06;-0.096;-0.103;-0.095;0.173;0.108;0.392;-0.027;0.024;0.394;-0.05;-0.033;-0.082;-0.091;-0.084;-0.003;0.102;0.373;-0.027;0.026;0.374;-0.05;0.006;-0.046;-0.055;-0.058;0.032;0.094;0.398;-0.027;0.027;0.399;-0.05;0.035;-0.009;-0.014;-0.026;-0.05;0.071;0.302;-0.027;0.024;0.303;-0.051;0.047;-0.003;-0.003;-0.021;0.015;0.063;0.309;-0.027;0.023;0.309;-0.05;-0.012
index__open_cases_5;0.041;-0.033;0.622;-0.011;-0.033;0.999;0.089;0.089;-0.033;0.622;-0.011;-0.033;0.999;-0.039;0.029;-0.033;0.622;-0.011;-0.033;0.999;-0.006;-0.006;-0.035;0.622;-0.01;-0.036;0.999;-0.014;-0.007;-0.035;0.622;-0.01;-0.036;0.999;0.043;0.024;0.019;0.032;0.016;0.013;-0.042;0.622;-0.008;-0.042;1.0;0.043;0.026;0.02;0.033;0.069;0.073;-0.06;0.625;0.01;-0.061;0.993;0.073;0.054;0.045;0.058;0.0;0.069;-0.061;0.625;0.009;-0.061;0.992;0.085;0.065;0.05;0.067;0.017;0.061;-0.061;0.626;0.009;-0.062;0.99;0.09;0.068;0.05;0.071;0.018;0.064;-0.066;0.626;0.009;-0.066;0.989;0.089;0.069;0.05;0.075;-0.009;0.047;-0.071;0.626;0.011;-0.071;0.988;0.003
index__FirstWithdrawalAmount_6;0.104;-0.082;0.057;-0.057;-0.081;0.043;-0.145;-0.145;-0.082;0.057;-0.057;-0.081;0.043;-0.157;-0.182;-0.082;0.057;-0.057;-0.081;0.043;-0.058;-0.058;-0.065;0.057;-0.046;-0.064;0.043;0.105;-0.054;-0.061;0.057;-0.046;-0.061;0.043;0.971;0.553;0.458;0.581;-0.044;-0.061;-0.06;0.057;-0.05;-0.06;0.043;1.0;0.567;0.466;0.59;-0.204;-0.224;0.012;0.056;-0.01;0.012;0.044;0.805;0.481;0.393;0.509;-0.028;-0.221;0.009;0.056;-0.01;0.009;0.044;0.611;0.363;0.287;0.406;-0.071;-0.205;-0.001;0.056;-0.006;-0.002;0.043;0.52;0.301;0.226;0.348;-0.061;-0.217;-0.013;0.055;-0.012;-0.014;0.042;0.477;0.264;0.191;0.316;-0.041;-0.192;-0.02;0.055;-0.011;-0.02;0.042;-0.004
index__MonthlyCost_6;0.111;-0.131;0.039;-0.094;-0.13;0.026;-0.23;-0.23;-0.131;0.039;-0.094;-0.13;0.026;-0.248;-0.288;-0.131;0.039;-0.094;-0.13;0.026;-0.092;-0.092;-0.104;0.039;-0.077;-0.103;0.026;0.165;-0.085;-0.099;0.039;-0.077;-0.098;0.026;0.543;0.946;0.611;0.839;-0.044;-0.072;-0.096;0.039;-0.08;-0.096;0.026;0.567;1.0;0.649;0.887;-0.32;-0.343;0.018;0.038;-0.019;0.019;0.026;0.455;0.854;0.54;0.765;-0.045;-0.338;0.013;0.038;-0.019;0.014;0.026;0.29;0.649;0.378;0.605;-0.108;-0.312;-0.003;0.037;-0.012;-0.003;0.025;0.203;0.55;0.281;0.514;-0.098;-0.333;-0.022;0.037;-0.021;-0.022;0.024;0.161;0.491;0.223;0.464;-0.063;-0.295;-0.031;0.037;-0.019;-0.031;0.023;-0.028
index__NumberOfTerms_6;-0.004;-0.145;0.026;-0.107;-0.144;0.02;-0.265;-0.265;-0.145;0.026;-0.107;-0.144;0.02;-0.285;-0.332;-0.145;0.026;-0.107;-0.144;0.02;-0.106;-0.106;-0.113;0.025;-0.087;-0.112;0.021;0.185;-0.098;-0.107;0.025;-0.087;-0.107;0.021;0.447;0.608;0.937;0.749;-0.046;-0.078;-0.103;0.025;-0.091;-0.103;0.02;0.466;0.649;1.0;0.799;-0.366;-0.39;0.032;0.024;-0.02;0.032;0.021;0.357;0.528;0.853;0.676;-0.051;-0.385;0.026;0.024;-0.02;0.026;0.02;0.195;0.346;0.654;0.506;-0.124;-0.357;0.007;0.024;-0.013;0.006;0.019;0.107;0.241;0.544;0.406;-0.113;-0.38;-0.015;0.023;-0.023;-0.015;0.018;0.064;0.177;0.485;0.348;-0.073;-0.338;-0.026;0.023;-0.02;-0.025;0.017;-0.033
index__OfferedAmount_6;0.168;-0.131;0.047;-0.092;-0.13;0.034;-0.228;-0.228;-0.131;0.047;-0.092;-0.13;0.034;-0.245;-0.285;-0.131;0.047;-0.092;-0.13;0.034;-0.091;-0.091;-0.103;0.047;-0.075;-0.103;0.034;0.165;-0.084;-0.098;0.047;-0.075;-0.098;0.034;0.569;0.836;0.749;0.944;-0.043;-0.07;-0.095;0.047;-0.078;-0.095;0.033;0.59;0.887;0.799;1.0;-0.316;-0.338;0.019;0.046;-0.017;0.019;0.034;0.473;0.754;0.679;0.87;-0.044;-0.333;0.014;0.046;-0.017;0.014;0.034;0.306;0.568;0.51;0.703;-0.105;-0.308;-0.003;0.046;-0.01;-0.003;0.033;0.218;0.472;0.415;0.611;-0.097;-0.328;-0.021;0.046;-0.019;-0.021;0.032;0.176;0.414;0.363;0.56;-0.062;-0.291;-0.031;0.045;-0.017;-0.03;0.031;-0.03
index__timesincelastevent_6;0.041;0.14;0.0;0.191;0.14;0.069;0.077;0.077;0.14;0.0;0.191;0.14;0.069;0.166;0.147;0.14;0.0;0.191;0.14;0.069;-0.126;-0.126;0.185;0.0;0.219;0.184;0.07;-0.129;-0.131;0.181;0.0;0.219;0.181;0.07;-0.201;-0.313;-0.359;-0.309;-0.119;-0.158;0.173;-0.0;0.213;0.173;0.069;-0.204;-0.32;-0.366;-0.316;1.0;0.909;-0.122;0.003;-0.057;-0.121;0.078;-0.147;-0.274;-0.328;-0.279;-0.046;0.847;-0.118;0.003;-0.058;-0.117;0.078;-0.018;-0.143;-0.194;-0.167;0.17;0.725;-0.049;0.004;-0.071;-0.048;0.081;0.066;-0.043;-0.085;-0.076;-0.113;0.647;-0.066;0.003;-0.083;-0.065;0.081;0.089;-0.013;-0.049;-0.047;0.081;0.553;-0.05;0.004;-0.081;-0.049;0.082;-0.013
index__timesincecasestart_6;0.046;0.13;-0.003;0.2;0.13;0.07;0.045;0.045;0.13;-0.003;0.2;0.13;0.07;0.133;0.108;0.13;-0.003;0.2;0.13;0.07;0.013;0.013;0.13;-0.003;0.191;0.13;0.071;-0.105;0.009;0.127;-0.003;0.191;0.128;0.071;-0.224;-0.349;-0.4;-0.345;0.28;0.268;0.108;-0.003;0.181;0.108;0.073;-0.224;-0.343;-0.39;-0.338;0.909;1.0;-0.166;-0.0;-0.07;-0.165;0.082;-0.172;-0.279;-0.33;-0.281;0.032;0.957;-0.156;-0.0;-0.073;-0.155;0.082;-0.057;-0.151;-0.193;-0.165;0.145;0.791;-0.091;0.001;-0.085;-0.089;0.084;0.017;-0.061;-0.094;-0.081;-0.064;0.728;-0.081;0.001;-0.093;-0.08;0.085;0.037;-0.03;-0.055;-0.05;0.068;0.611;-0.066;0.001;-0.091;-0.065;0.086;-0.015
index__timesincemidnight_6;0.008;0.212;-0.013;-0.112;0.211;-0.063;0.029;0.029;0.212;-0.013;-0.112;0.211;-0.063;-0.021;0.005;0.212;-0.013;-0.112;0.211;-0.063;-0.228;-0.228;0.34;-0.013;-0.055;0.338;-0.061;-0.008;-0.228;0.34;-0.013;-0.055;0.338;-0.061;0.011;0.016;0.026;0.015;-0.034;-0.112;0.394;-0.013;-0.057;0.392;-0.06;0.012;0.018;0.032;0.019;-0.122;-0.166;1.0;-0.013;0.005;0.996;-0.06;0.009;0.018;0.032;0.019;0.017;-0.153;0.969;-0.013;0.008;0.966;-0.06;0.01;0.023;0.033;0.021;0.035;-0.092;0.762;-0.012;0.022;0.759;-0.059;0.003;0.017;0.027;0.015;-0.025;-0.097;0.648;-0.012;0.024;0.645;-0.06;0.006;0.018;0.03;0.017;0.016;-0.069;0.612;-0.012;0.026;0.61;-0.06;-0.002
index__month_6;0.079;-0.026;0.993;-0.007;-0.027;0.625;0.446;0.446;-0.026;0.993;-0.007;-0.027;0.625;-0.09;0.212;-0.026;0.993;-0.007;-0.027;0.625;-0.01;-0.01;-0.022;0.993;-0.005;-0.022;0.626;-0.014;-0.011;-0.022;0.993;-0.005;-0.022;0.626;0.055;0.037;0.025;0.047;-0.003;-0.007;-0.026;0.994;-0.004;-0.027;0.625;0.056;0.038;0.024;0.046;0.003;-0.0;-0.013;1.0;0.014;-0.013;0.621;0.072;0.051;0.035;0.058;-0.003;-0.001;-0.013;1.0;0.012;-0.014;0.62;0.093;0.066;0.042;0.073;0.011;0.005;-0.018;0.998;0.013;-0.018;0.619;0.105;0.073;0.047;0.084;-0.001;0.005;-0.022;0.997;0.011;-0.022;0.618;0.109;0.076;0.049;0.09;-0.014;-0.003;-0.029;0.996;0.014;-0.029;0.616;0.015
index__weekday_6;0.017;0.009;0.011;0.295;0.009;0.01;0.018;0.018;0.009;0.011;0.295;0.009;0.01;0.011;0.018;0.009;0.011;0.295;0.009;0.01;-0.094;-0.094;0.033;0.011;0.364;0.032;0.01;0.008;-0.094;0.033;0.011;0.364;0.033;0.01;-0.01;-0.017;-0.019;-0.016;-0.002;-0.034;0.024;0.011;0.393;0.024;0.01;-0.01;-0.019;-0.02;-0.017;-0.057;-0.07;0.005;0.014;1.0;0.005;0.007;-0.002;-0.008;-0.01;-0.007;0.017;-0.061;0.005;0.014;0.986;0.005;0.007;0.002;0.002;-0.001;0.003;0.08;0.001;-0.018;0.012;0.868;-0.019;0.008;0.005;0.007;0.0;0.007;0.0;0.001;-0.04;0.012;0.823;-0.041;0.008;0.007;0.01;0.003;0.01;0.021;0.011;-0.045;0.012;0.789;-0.045;0.008;-0.004
index__hour_6;0.009;0.212;-0.013;-0.111;0.212;-0.063;0.029;0.029;0.212;-0.013;-0.111;0.212;-0.063;-0.02;0.005;0.212;-0.013;-0.111;0.212;-0.063;-0.226;-0.226;0.339;-0.013;-0.054;0.339;-0.061;-0.008;-0.226;0.339;-0.013;-0.054;0.339;-0.061;0.011;0.016;0.026;0.015;-0.033;-0.111;0.394;-0.013;-0.056;0.394;-0.061;0.012;0.019;0.032;0.019;-0.121;-0.165;0.996;-0.013;0.005;1.0;-0.06;0.009;0.018;0.033;0.019;0.016;-0.151;0.966;-0.013;0.008;0.967;-0.06;0.01;0.023;0.033;0.021;0.035;-0.091;0.76;-0.012;0.022;0.76;-0.06;0.003;0.017;0.027;0.016;-0.026;-0.096;0.647;-0.012;0.024;0.646;-0.06;0.006;0.018;0.03;0.017;0.015;-0.069;0.611;-0.012;0.026;0.61;-0.06;-0.002
index__open_cases_6;0.041;-0.04;0.616;-0.015;-0.041;0.992;0.078;0.078;-0.04;0.616;-0.015;-0.041;0.992;-0.037;0.024;-0.04;0.616;-0.015;-0.041;0.992;-0.006;-0.006;-0.042;0.616;-0.014;-0.043;0.992;-0.014;-0.007;-0.043;0.616;-0.014;-0.044;0.992;0.044;0.025;0.02;0.032;0.016;0.013;-0.05;0.617;-0.012;-0.05;0.993;0.044;0.026;0.021;0.034;0.078;0.082;-0.06;0.621;0.007;-0.06;1.0;0.072;0.052;0.043;0.056;-0.001;0.077;-0.06;0.621;0.005;-0.061;1.0;0.085;0.064;0.05;0.067;0.019;0.068;-0.062;0.621;0.005;-0.063;0.998;0.09;0.068;0.05;0.071;0.019;0.071;-0.066;0.622;0.005;-0.067;0.997;0.089;0.069;0.051;0.075;-0.008;0.053;-0.072;0.622;0.008;-0.072;0.995;0.004
index__FirstWithdrawalAmount_7;0.149;-0.058;0.072;-0.031;-0.057;0.073;-0.116;-0.116;-0.058;0.072;-0.031;-0.057;0.073;-0.119;-0.142;-0.058;0.072;-0.031;-0.057;0.073;-0.068;-0.068;-0.037;0.072;-0.018;-0.036;0.073;0.075;-0.065;-0.034;0.072;-0.018;-0.034;0.073;0.78;0.445;0.354;0.467;-0.048;-0.068;-0.034;0.072;-0.021;-0.033;0.073;0.805;0.455;0.357;0.473;-0.147;-0.172;0.009;0.072;-0.002;0.009;0.072;1.0;0.567;0.451;0.584;-0.028;-0.171;0.007;0.072;-0.002;0.007;0.072;0.763;0.428;0.326;0.463;-0.086;-0.177;-0.006;0.072;0.002;-0.006;0.071;0.639;0.353;0.254;0.394;-0.071;-0.194;-0.02;0.072;-0.005;-0.02;0.07;0.587;0.309;0.212;0.356;-0.049;-0.178;-0.028;0.071;-0.003;-0.028;0.07;-0.012
index__MonthlyCost_7;0.166;-0.122;0.051;-0.083;-0.121;0.054;-0.213;-0.213;-0.122;0.051;-0.083;-0.121;0.054;-0.22;-0.261;-0.122;0.051;-0.083;-0.121;0.054;-0.107;-0.107;-0.089;0.051;-0.063;-0.088;0.054;0.134;-0.102;-0.085;0.051;-0.063;-0.085;0.054;0.46;0.808;0.497;0.713;0.008;-0.028;-0.082;0.051;-0.06;-0.082;0.054;0.481;0.854;0.528;0.754;-0.274;-0.279;0.018;0.051;-0.008;0.018;0.052;0.567;1.0;0.618;0.878;-0.047;-0.278;0.013;0.051;-0.008;0.014;0.052;0.368;0.762;0.429;0.692;-0.13;-0.281;-0.006;0.05;-0.001;-0.007;0.051;0.262;0.644;0.315;0.586;-0.114;-0.309;-0.027;0.05;-0.011;-0.027;0.05;0.212;0.574;0.247;0.526;-0.074;-0.282;-0.039;0.05;-0.008;-0.038;0.049;-0.04
index__NumberOfTerms_7;0.033;-0.14;0.035;-0.099;-0.139;0.044;-0.256;-0.256;-0.14;0.035;-0.099;-0.139;0.044;-0.263;-0.313;-0.14;0.035;-0.099;-0.139;0.044;-0.125;-0.125;-0.102;0.034;-0.075;-0.101;0.045;0.155;-0.119;-0.097;0.034;-0.075;-0.097;0.045;0.377;0.506;0.799;0.636;0.021;-0.022;-0.091;0.035;-0.072;-0.091;0.045;0.393;0.54;0.853;0.679;-0.328;-0.33;0.032;0.035;-0.01;0.033;0.043;0.451;0.618;1.0;0.784;-0.054;-0.328;0.027;0.035;-0.01;0.028;0.043;0.254;0.403;0.764;0.584;-0.151;-0.33;0.004;0.034;-0.001;0.004;0.041;0.147;0.279;0.633;0.465;-0.133;-0.363;-0.021;0.034;-0.013;-0.021;0.041;0.095;0.203;0.562;0.397;-0.087;-0.331;-0.034;0.033;-0.01;-0.034;0.04;-0.044
index__OfferedAmount_7;0.236;-0.126;0.058;-0.085;-0.125;0.057;-0.217;-0.217;-0.126;0.058;-0.085;-0.125;0.057;-0.224;-0.266;-0.126;0.058;-0.085;-0.125;0.057;-0.106;-0.106;-0.093;0.058;-0.064;-0.093;0.057;0.138;-0.101;-0.089;0.058;-0.064;-0.089;0.057;0.491;0.722;0.634;0.821;0.016;-0.021;-0.085;0.058;-0.061;-0.084;0.058;0.509;0.765;0.676;0.87;-0.279;-0.281;0.019;0.058;-0.007;0.019;0.056;0.584;0.878;0.784;1.0;-0.046;-0.28;0.014;0.058;-0.007;0.015;0.056;0.383;0.662;0.587;0.806;-0.127;-0.281;-0.005;0.057;0.0;-0.006;0.055;0.276;0.548;0.475;0.698;-0.112;-0.308;-0.026;0.057;-0.01;-0.026;0.054;0.225;0.481;0.413;0.639;-0.073;-0.281;-0.038;0.056;-0.007;-0.037;0.053;-0.04
index__timesincelastevent_7;0.016;-0.02;-0.004;-0.009;-0.021;-0.002;-0.027;-0.027;-0.02;-0.004;-0.009;-0.021;-0.002;-0.024;-0.031;-0.02;-0.004;-0.009;-0.021;-0.002;-0.017;-0.017;-0.015;-0.004;-0.005;-0.015;-0.002;0.0;-0.017;-0.015;-0.004;-0.005;-0.015;-0.002;-0.027;-0.042;-0.048;-0.042;0.198;0.182;-0.002;-0.003;0.013;-0.003;0.0;-0.028;-0.045;-0.051;-0.044;-0.046;0.032;0.017;-0.003;0.017;0.016;-0.001;-0.028;-0.047;-0.054;-0.046;1.0;0.322;-0.014;-0.003;-0.007;-0.013;0.004;-0.029;-0.018;-0.01;-0.009;-0.019;0.227;-0.016;-0.003;-0.004;-0.016;0.004;-0.031;-0.016;-0.007;-0.005;0.086;0.247;-0.012;-0.003;-0.01;-0.012;0.005;-0.031;-0.0;0.019;0.013;-0.011;0.191;-0.013;-0.003;-0.009;-0.012;0.005;-0.015
index__timesincecasestart_7;0.048;0.117;-0.004;0.187;0.117;0.066;0.034;0.034;0.117;-0.004;0.187;0.117;0.066;0.119;0.093;0.117;-0.004;0.187;0.117;0.066;0.007;0.007;0.119;-0.004;0.18;0.119;0.067;-0.1;0.004;0.116;-0.004;0.18;0.116;0.067;-0.22;-0.343;-0.393;-0.339;0.323;0.307;0.101;-0.004;0.176;0.102;0.069;-0.221;-0.338;-0.385;-0.333;0.847;0.957;-0.153;-0.001;-0.061;-0.151;0.077;-0.171;-0.278;-0.328;-0.28;0.322;1.0;-0.152;-0.001;-0.071;-0.15;0.079;-0.062;-0.148;-0.186;-0.159;0.132;0.816;-0.091;-0.0;-0.081;-0.089;0.081;0.007;-0.062;-0.091;-0.078;-0.036;0.762;-0.081;-0.0;-0.091;-0.079;0.082;0.026;-0.029;-0.046;-0.043;0.061;0.635;-0.066;0.0;-0.089;-0.065;0.083;-0.019
index__timesincemidnight_7;0.01;0.209;-0.013;-0.111;0.208;-0.063;0.031;0.031;0.209;-0.013;-0.111;0.208;-0.063;-0.017;0.008;0.209;-0.013;-0.111;0.208;-0.063;-0.231;-0.231;0.337;-0.014;-0.054;0.335;-0.061;-0.009;-0.231;0.337;-0.014;-0.054;0.335;-0.061;0.008;0.012;0.021;0.01;-0.017;-0.097;0.374;-0.014;-0.056;0.373;-0.061;0.009;0.013;0.026;0.014;-0.118;-0.156;0.969;-0.013;0.005;0.966;-0.06;0.007;0.013;0.027;0.014;-0.014;-0.152;1.0;-0.014;0.006;0.996;-0.06;0.012;0.026;0.037;0.023;0.034;-0.092;0.793;-0.013;0.019;0.79;-0.06;0.004;0.018;0.03;0.016;-0.024;-0.096;0.668;-0.013;0.023;0.665;-0.06;0.007;0.017;0.03;0.016;0.015;-0.069;0.632;-0.012;0.024;0.629;-0.06;-0.001
index__month_7;0.078;-0.027;0.993;-0.007;-0.027;0.626;0.445;0.445;-0.027;0.993;-0.007;-0.027;0.626;-0.09;0.212;-0.027;0.993;-0.007;-0.027;0.626;-0.01;-0.01;-0.022;0.993;-0.005;-0.022;0.626;-0.014;-0.011;-0.022;0.993;-0.005;-0.023;0.626;0.055;0.037;0.025;0.047;-0.003;-0.006;-0.026;0.993;-0.004;-0.027;0.625;0.056;0.038;0.024;0.046;0.003;-0.0;-0.013;1.0;0.014;-0.013;0.621;0.072;0.051;0.035;0.058;-0.003;-0.001;-0.014;1.0;0.012;-0.014;0.62;0.093;0.066;0.042;0.073;0.011;0.005;-0.018;0.998;0.013;-0.018;0.619;0.105;0.073;0.047;0.084;-0.001;0.005;-0.023;0.997;0.01;-0.023;0.618;0.108;0.076;0.049;0.089;-0.014;-0.003;-0.029;0.997;0.014;-0.029;0.617;0.015
index__weekday_7;0.016;0.01;0.009;0.286;0.009;0.009;0.019;0.019;0.01;0.009;0.286;0.009;0.009;0.013;0.019;0.01;0.009;0.286;0.009;0.009;-0.094;-0.094;0.033;0.009;0.355;0.032;0.009;0.007;-0.094;0.033;0.009;0.355;0.033;0.009;-0.01;-0.017;-0.019;-0.016;-0.006;-0.039;0.026;0.009;0.38;0.026;0.009;-0.01;-0.019;-0.02;-0.017;-0.058;-0.073;0.008;0.012;0.986;0.008;0.005;-0.002;-0.008;-0.01;-0.007;-0.007;-0.071;0.006;0.012;1.0;0.006;0.005;0.002;0.0;-0.003;0.001;0.08;-0.006;-0.018;0.011;0.882;-0.019;0.007;0.005;0.006;-0.002;0.005;0.01;-0.002;-0.04;0.01;0.835;-0.041;0.006;0.007;0.009;0.001;0.008;0.021;0.009;-0.045;0.01;0.801;-0.046;0.007;-0.003
index__hour_7;0.01;0.209;-0.014;-0.111;0.208;-0.063;0.031;0.031;0.209;-0.014;-0.111;0.208;-0.063;-0.018;0.008;0.209;-0.014;-0.111;0.208;-0.063;-0.229;-0.229;0.336;-0.014;-0.054;0.336;-0.061;-0.009;-0.229;0.336;-0.014;-0.054;0.336;-0.061;0.008;0.012;0.021;0.011;-0.015;-0.095;0.374;-0.014;-0.056;0.374;-0.061;0.009;0.014;0.026;0.014;-0.117;-0.155;0.966;-0.014;0.005;0.967;-0.061;0.007;0.014;0.028;0.015;-0.013;-0.15;0.996;-0.014;0.006;1.0;-0.061;0.011;0.026;0.037;0.023;0.034;-0.091;0.791;-0.013;0.019;0.792;-0.06;0.004;0.018;0.03;0.015;-0.025;-0.096;0.666;-0.013;0.022;0.667;-0.061;0.006;0.016;0.03;0.015;0.015;-0.069;0.63;-0.013;0.024;0.631;-0.061;-0.001
index__open_cases_7;0.041;-0.04;0.616;-0.015;-0.041;0.992;0.078;0.078;-0.04;0.616;-0.015;-0.041;0.992;-0.037;0.024;-0.04;0.616;-0.015;-0.041;0.992;-0.006;-0.006;-0.042;0.616;-0.014;-0.043;0.992;-0.014;-0.007;-0.043;0.616;-0.014;-0.044;0.992;0.044;0.024;0.019;0.032;0.017;0.014;-0.05;0.616;-0.012;-0.05;0.992;0.044;0.026;0.02;0.034;0.078;0.082;-0.06;0.62;0.007;-0.06;1.0;0.072;0.052;0.043;0.056;0.004;0.079;-0.06;0.62;0.005;-0.061;1.0;0.085;0.064;0.05;0.067;0.019;0.069;-0.062;0.621;0.005;-0.063;0.998;0.09;0.067;0.05;0.071;0.019;0.073;-0.066;0.621;0.005;-0.066;0.997;0.089;0.069;0.051;0.075;-0.008;0.054;-0.072;0.622;0.008;-0.072;0.996;0.004
index__FirstWithdrawalAmount_8;0.22;-0.022;0.093;-0.002;-0.022;0.085;-0.033;-0.033;-0.022;0.093;-0.002;-0.022;0.085;-0.057;-0.055;-0.022;0.093;-0.002;-0.022;0.085;-0.09;-0.09;0.007;0.093;0.017;0.007;0.085;0.028;-0.089;0.008;0.093;0.017;0.008;0.085;0.593;0.287;0.199;0.306;-0.065;-0.093;0.006;0.093;0.012;0.006;0.085;0.611;0.29;0.195;0.306;-0.018;-0.057;0.01;0.093;0.002;0.01;0.085;0.763;0.368;0.254;0.383;-0.029;-0.062;0.012;0.093;0.002;0.011;0.085;1.0;0.547;0.403;0.565;-0.115;-0.113;-0.001;0.093;0.008;-0.002;0.083;0.843;0.45;0.307;0.474;-0.096;-0.142;-0.019;0.093;-0.001;-0.02;0.083;0.75;0.389;0.251;0.423;-0.066;-0.145;-0.028;0.092;0.002;-0.029;0.082;-0.018
index__MonthlyCost_8;0.25;-0.094;0.066;-0.055;-0.093;0.064;-0.135;-0.135;-0.094;0.066;-0.055;-0.093;0.064;-0.157;-0.176;-0.094;0.066;-0.055;-0.093;0.064;-0.141;-0.141;-0.048;0.066;-0.027;-0.048;0.065;0.079;-0.138;-0.046;0.066;-0.027;-0.046;0.065;0.346;0.613;0.326;0.538;0.024;-0.026;-0.046;0.066;-0.022;-0.046;0.065;0.363;0.649;0.346;0.568;-0.143;-0.151;0.023;0.066;0.002;0.023;0.064;0.428;0.762;0.403;0.662;-0.018;-0.148;0.026;0.066;0.0;0.026;0.064;0.547;1.0;0.522;0.848;-0.171;-0.209;0.005;0.065;0.009;0.004;0.062;0.403;0.843;0.37;0.709;-0.152;-0.255;-0.023;0.065;-0.004;-0.024;0.062;0.332;0.743;0.279;0.63;-0.1;-0.251;-0.037;0.064;-0.0;-0.037;0.06;-0.048
index__NumberOfTerms_8;0.079;-0.116;0.04;-0.077;-0.116;0.049;-0.19;-0.19;-0.116;0.04;-0.077;-0.116;0.049;-0.206;-0.238;-0.116;0.04;-0.077;-0.116;0.049;-0.17;-0.17;-0.062;0.04;-0.044;-0.062;0.05;0.098;-0.166;-0.059;0.04;-0.044;-0.059;0.05;0.276;0.354;0.612;0.478;0.052;-0.009;-0.055;0.041;-0.037;-0.055;0.05;0.287;0.378;0.654;0.51;-0.194;-0.193;0.033;0.042;-0.001;0.033;0.05;0.326;0.429;0.764;0.587;-0.01;-0.186;0.037;0.042;-0.003;0.037;0.05;0.403;0.522;1.0;0.734;-0.203;-0.256;0.012;0.041;0.007;0.011;0.048;0.253;0.353;0.819;0.573;-0.183;-0.311;-0.022;0.041;-0.01;-0.023;0.047;0.177;0.25;0.719;0.479;-0.12;-0.306;-0.039;0.04;-0.004;-0.038;0.045;-0.057
index__OfferedAmount_8;0.352;-0.108;0.073;-0.064;-0.107;0.066;-0.152;-0.152;-0.108;0.073;-0.064;-0.107;0.066;-0.174;-0.197;-0.108;0.073;-0.064;-0.107;0.066;-0.138;-0.138;-0.064;0.072;-0.036;-0.064;0.067;0.091;-0.134;-0.061;0.072;-0.036;-0.061;0.067;0.392;0.57;0.474;0.664;0.046;-0.004;-0.058;0.073;-0.03;-0.058;0.067;0.406;0.605;0.506;0.703;-0.167;-0.165;0.021;0.073;0.003;0.021;0.067;0.463;0.692;0.584;0.806;-0.009;-0.159;0.023;0.073;0.001;0.023;0.067;0.565;0.848;0.734;1.0;-0.164;-0.213;0.003;0.073;0.009;0.002;0.065;0.42;0.7;0.587;0.86;-0.149;-0.257;-0.024;0.073;-0.004;-0.026;0.064;0.35;0.61;0.504;0.782;-0.097;-0.252;-0.038;0.072;-0.0;-0.038;0.063;-0.049
index__timesincelastevent_8;0.014;0.02;0.01;0.026;0.019;0.017;0.041;0.041;0.02;0.01;0.026;0.019;0.017;0.045;0.052;0.02;0.01;0.026;0.019;0.017;-0.045;-0.045;0.035;0.01;0.036;0.035;0.017;-0.044;-0.047;0.034;0.01;0.036;0.034;0.017;-0.068;-0.101;-0.116;-0.098;-0.033;-0.048;0.032;0.01;0.036;0.032;0.017;-0.071;-0.108;-0.124;-0.105;0.17;0.145;0.035;0.011;0.08;0.035;0.019;-0.086;-0.13;-0.151;-0.127;-0.019;0.132;0.034;0.011;0.08;0.034;0.019;-0.115;-0.171;-0.203;-0.164;1.0;0.681;-0.059;0.016;-0.021;-0.057;0.03;-0.059;-0.106;-0.129;-0.103;-0.046;0.63;-0.066;0.016;-0.025;-0.065;0.03;-0.04;-0.08;-0.101;-0.079;0.237;0.617;-0.045;0.018;-0.023;-0.045;0.032;0.006
index__timesincecasestart_8;0.043;0.098;0.003;0.153;0.097;0.059;0.049;0.049;0.098;0.003;0.153;0.097;0.059;0.114;0.099;0.098;0.003;0.153;0.097;0.059;-0.021;-0.021;0.109;0.003;0.154;0.108;0.059;-0.099;-0.025;0.106;0.003;0.154;0.106;0.059;-0.203;-0.312;-0.358;-0.308;0.22;0.199;0.093;0.003;0.151;0.094;0.061;-0.205;-0.312;-0.357;-0.308;0.725;0.791;-0.092;0.005;0.001;-0.091;0.068;-0.177;-0.281;-0.33;-0.281;0.227;0.816;-0.092;0.005;-0.006;-0.091;0.069;-0.113;-0.209;-0.256;-0.213;0.681;1.0;-0.102;0.009;-0.072;-0.099;0.077;-0.029;-0.108;-0.143;-0.117;-0.053;0.93;-0.098;0.009;-0.082;-0.096;0.078;-0.004;-0.068;-0.093;-0.078;0.184;0.829;-0.075;0.011;-0.079;-0.074;0.08;-0.01
index__timesincemidnight_8;0.01;0.234;-0.017;-0.088;0.233;-0.064;0.035;0.035;0.234;-0.017;-0.088;0.233;-0.064;-0.011;0.014;0.234;-0.017;-0.088;0.233;-0.064;-0.235;-0.235;0.363;-0.017;-0.03;0.362;-0.062;-0.016;-0.235;0.363;-0.017;-0.03;0.361;-0.061;-0.003;-0.005;0.003;-0.005;-0.02;-0.102;0.4;-0.017;-0.031;0.398;-0.061;-0.001;-0.003;0.007;-0.003;-0.049;-0.091;0.762;-0.018;-0.018;0.76;-0.062;-0.006;-0.006;0.004;-0.005;-0.016;-0.091;0.793;-0.018;-0.018;0.791;-0.062;-0.001;0.005;0.012;0.003;-0.059;-0.102;1.0;-0.018;-0.012;0.996;-0.061;0.017;0.027;0.037;0.021;-0.028;-0.107;0.88;-0.018;-0.009;0.877;-0.062;0.021;0.03;0.045;0.023;-0.008;-0.089;0.8;-0.018;-0.007;0.798;-0.062;-0.009
index__month_8;0.079;-0.026;0.991;-0.008;-0.027;0.626;0.444;0.444;-0.026;0.991;-0.008;-0.027;0.626;-0.089;0.211;-0.026;0.991;-0.008;-0.027;0.626;-0.01;-0.01;-0.021;0.991;-0.006;-0.022;0.626;-0.014;-0.011;-0.022;0.991;-0.006;-0.022;0.626;0.054;0.037;0.025;0.047;-0.003;-0.006;-0.026;0.991;-0.005;-0.027;0.626;0.056;0.037;0.024;0.046;0.004;0.001;-0.012;0.998;0.012;-0.012;0.621;0.072;0.05;0.034;0.057;-0.003;-0.0;-0.013;0.998;0.011;-0.013;0.621;0.093;0.065;0.041;0.073;0.016;0.009;-0.018;1.0;0.014;-0.018;0.62;0.105;0.073;0.047;0.083;-0.001;0.008;-0.023;0.999;0.011;-0.023;0.619;0.108;0.076;0.049;0.09;-0.013;0.0;-0.029;0.999;0.015;-0.029;0.618;0.015
index__weekday_8;0.015;0.01;0.011;0.248;0.01;0.009;0.016;0.016;0.01;0.011;0.248;0.01;0.009;0.008;0.014;0.01;0.011;0.248;0.01;0.009;-0.093;-0.093;0.033;0.011;0.316;0.033;0.009;0.01;-0.092;0.034;0.011;0.316;0.034;0.009;-0.007;-0.011;-0.012;-0.01;-0.004;-0.037;0.026;0.011;0.341;0.027;0.009;-0.006;-0.012;-0.013;-0.01;-0.071;-0.085;0.022;0.013;0.868;0.022;0.005;0.002;-0.001;-0.001;0.0;-0.004;-0.081;0.019;0.013;0.882;0.019;0.005;0.008;0.009;0.007;0.009;-0.021;-0.072;-0.012;0.014;1.0;-0.013;0.001;0.003;0.007;0.001;0.006;0.012;-0.064;-0.033;0.014;0.953;-0.034;0.001;0.005;0.009;0.002;0.008;0.038;-0.032;-0.041;0.014;0.902;-0.042;0.001;0.004
index__hour_8;0.009;0.234;-0.017;-0.087;0.233;-0.064;0.035;0.035;0.234;-0.017;-0.087;0.233;-0.064;-0.011;0.014;0.234;-0.017;-0.087;0.233;-0.064;-0.232;-0.232;0.363;-0.017;-0.03;0.362;-0.062;-0.016;-0.233;0.362;-0.017;-0.03;0.362;-0.062;-0.003;-0.005;0.002;-0.006;-0.02;-0.1;0.399;-0.017;-0.031;0.399;-0.062;-0.002;-0.003;0.006;-0.003;-0.048;-0.089;0.759;-0.018;-0.019;0.76;-0.063;-0.006;-0.007;0.004;-0.006;-0.016;-0.089;0.79;-0.018;-0.019;0.792;-0.063;-0.002;0.004;0.011;0.002;-0.057;-0.099;0.996;-0.018;-0.013;1.0;-0.062;0.015;0.026;0.035;0.02;-0.028;-0.104;0.877;-0.018;-0.01;0.879;-0.062;0.02;0.029;0.044;0.022;-0.008;-0.087;0.798;-0.018;-0.008;0.8;-0.063;-0.009
index__open_cases_8;0.041;-0.04;0.614;-0.013;-0.041;0.989;0.075;0.075;-0.04;0.614;-0.013;-0.041;0.989;-0.036;0.023;-0.04;0.614;-0.013;-0.041;0.989;-0.007;-0.007;-0.042;0.614;-0.012;-0.043;0.99;-0.015;-0.007;-0.043;0.614;-0.012;-0.044;0.99;0.043;0.023;0.018;0.031;0.017;0.013;-0.049;0.614;-0.01;-0.05;0.99;0.043;0.025;0.019;0.033;0.081;0.084;-0.059;0.619;0.008;-0.06;0.998;0.071;0.051;0.041;0.055;0.004;0.081;-0.06;0.619;0.007;-0.06;0.998;0.083;0.062;0.048;0.065;0.03;0.077;-0.061;0.62;0.001;-0.062;1.0;0.089;0.066;0.048;0.07;0.019;0.08;-0.066;0.62;0.001;-0.066;0.999;0.089;0.068;0.05;0.074;-0.006;0.061;-0.071;0.62;0.005;-0.071;0.998;0.004
index__FirstWithdrawalAmount_9;0.27;0.002;0.105;0.016;0.003;0.09;0.011;0.011;0.002;0.105;0.016;0.003;0.09;-0.026;-0.009;0.002;0.105;0.016;0.003;0.09;-0.105;-0.105;0.038;0.104;0.038;0.038;0.09;0.001;-0.105;0.038;0.104;0.038;0.038;0.09;0.506;0.204;0.115;0.223;-0.079;-0.112;0.035;0.104;0.033;0.035;0.09;0.52;0.203;0.107;0.218;0.066;0.017;0.003;0.105;0.005;0.003;0.09;0.639;0.262;0.147;0.276;-0.031;0.007;0.004;0.105;0.005;0.004;0.09;0.843;0.403;0.253;0.42;-0.059;-0.029;0.017;0.105;0.003;0.015;0.089;1.0;0.517;0.352;0.539;-0.106;-0.067;-0.002;0.105;-0.009;-0.003;0.088;0.897;0.447;0.286;0.479;-0.077;-0.091;-0.012;0.104;-0.005;-0.013;0.088;-0.02
index__MonthlyCost_9;0.319;-0.067;0.073;-0.035;-0.067;0.067;-0.093;-0.093;-0.067;0.073;-0.035;-0.067;0.067;-0.12;-0.128;-0.067;0.073;-0.035;-0.067;0.067;-0.169;-0.169;-0.012;0.073;-0.001;-0.012;0.067;0.045;-0.167;-0.01;0.073;-0.001;-0.01;0.067;0.287;0.52;0.227;0.447;0.014;-0.045;-0.009;0.073;0.002;-0.009;0.068;0.301;0.55;0.241;0.472;-0.043;-0.061;0.017;0.073;0.007;0.017;0.068;0.353;0.644;0.279;0.548;-0.016;-0.062;0.018;0.073;0.006;0.018;0.067;0.45;0.843;0.353;0.7;-0.106;-0.108;0.027;0.073;0.007;0.026;0.066;0.517;1.0;0.426;0.822;-0.174;-0.167;-0.002;0.072;-0.01;-0.003;0.065;0.43;0.881;0.315;0.728;-0.121;-0.192;-0.019;0.071;-0.005;-0.019;0.064;-0.052
index__NumberOfTerms_9;0.124;-0.09;0.046;-0.065;-0.089;0.048;-0.149;-0.149;-0.09;0.046;-0.065;-0.089;0.048;-0.169;-0.191;-0.09;0.046;-0.065;-0.089;0.048;-0.21;-0.21;-0.022;0.046;-0.023;-0.021;0.049;0.06;-0.207;-0.02;0.046;-0.023;-0.02;0.049;0.217;0.261;0.509;0.388;0.049;-0.027;-0.014;0.046;-0.018;-0.014;0.05;0.226;0.281;0.544;0.415;-0.085;-0.094;0.027;0.047;0.0;0.027;0.05;0.254;0.315;0.633;0.475;-0.007;-0.091;0.03;0.047;-0.002;0.03;0.05;0.307;0.37;0.819;0.587;-0.129;-0.143;0.037;0.047;0.001;0.035;0.048;0.352;0.426;1.0;0.686;-0.214;-0.214;-0.0;0.046;-0.019;-0.001;0.047;0.257;0.298;0.875;0.569;-0.151;-0.244;-0.021;0.045;-0.013;-0.02;0.045;-0.063
index__OfferedAmount_9;0.448;-0.086;0.083;-0.047;-0.085;0.07;-0.113;-0.113;-0.086;0.083;-0.047;-0.085;0.07;-0.139;-0.152;-0.086;0.083;-0.047;-0.085;0.07;-0.163;-0.163;-0.032;0.083;-0.015;-0.032;0.071;0.06;-0.16;-0.031;0.083;-0.015;-0.031;0.071;0.336;0.485;0.38;0.577;0.042;-0.017;-0.027;0.083;-0.009;-0.026;0.071;0.348;0.514;0.406;0.611;-0.076;-0.081;0.015;0.084;0.007;0.016;0.071;0.394;0.586;0.465;0.698;-0.005;-0.078;0.016;0.084;0.005;0.015;0.071;0.474;0.709;0.573;0.86;-0.103;-0.117;0.021;0.083;0.006;0.02;0.07;0.539;0.822;0.686;1.0;-0.167;-0.173;-0.007;0.083;-0.01;-0.008;0.069;0.454;0.716;0.587;0.908;-0.117;-0.195;-0.023;0.082;-0.005;-0.023;0.068;-0.054
index__timesincelastevent_9;0.007;0.026;-0.001;0.014;0.025;0.019;0.024;0.024;0.026;-0.001;0.014;0.025;0.019;0.035;0.036;0.026;-0.001;0.014;0.025;0.019;0.231;0.231;-0.05;-0.001;-0.027;-0.051;0.018;-0.004;0.231;-0.05;-0.001;-0.027;-0.051;0.018;-0.058;-0.093;-0.106;-0.091;0.029;0.109;-0.049;-0.0;-0.023;-0.05;0.018;-0.061;-0.098;-0.113;-0.097;-0.113;-0.064;-0.025;-0.001;0.0;-0.026;0.019;-0.071;-0.114;-0.133;-0.112;0.086;-0.036;-0.024;-0.001;0.01;-0.025;0.019;-0.096;-0.152;-0.183;-0.149;-0.046;-0.053;-0.028;-0.001;0.012;-0.028;0.019;-0.106;-0.174;-0.214;-0.167;1.0;0.318;-0.058;0.001;-0.004;-0.058;0.025;-0.102;-0.154;-0.192;-0.146;-0.026;0.24;-0.057;0.001;-0.003;-0.058;0.025;0.05
index__timesincecasestart_9;0.044;0.103;0.003;0.151;0.102;0.063;0.056;0.056;0.103;0.003;0.151;0.102;0.063;0.121;0.107;0.103;0.003;0.151;0.102;0.063;0.065;0.065;0.085;0.002;0.136;0.084;0.063;-0.096;0.061;0.082;0.002;0.136;0.082;0.063;-0.214;-0.331;-0.379;-0.326;0.219;0.229;0.071;0.003;0.134;0.071;0.064;-0.217;-0.333;-0.38;-0.328;0.647;0.728;-0.097;0.005;0.001;-0.096;0.071;-0.194;-0.309;-0.363;-0.308;0.247;0.762;-0.096;0.005;-0.002;-0.096;0.073;-0.142;-0.255;-0.311;-0.257;0.63;0.93;-0.107;0.008;-0.064;-0.104;0.08;-0.067;-0.167;-0.214;-0.173;0.318;1.0;-0.114;0.009;-0.079;-0.113;0.083;-0.042;-0.121;-0.159;-0.128;0.165;0.875;-0.093;0.01;-0.076;-0.092;0.085;0.008
index__timesincemidnight_9;0.012;0.246;-0.021;-0.063;0.246;-0.066;0.045;0.045;0.246;-0.021;-0.063;0.246;-0.066;0.002;0.028;0.246;-0.021;-0.063;0.245;-0.066;-0.05;-0.05;0.269;-0.022;-0.05;0.268;-0.066;-0.018;-0.051;0.269;-0.022;-0.05;0.268;-0.066;-0.014;-0.022;-0.018;-0.023;-0.024;-0.04;0.304;-0.021;-0.052;0.302;-0.066;-0.013;-0.022;-0.015;-0.021;-0.066;-0.081;0.648;-0.022;-0.04;0.647;-0.066;-0.02;-0.027;-0.021;-0.026;-0.012;-0.081;0.668;-0.023;-0.04;0.666;-0.066;-0.019;-0.023;-0.022;-0.024;-0.066;-0.098;0.88;-0.023;-0.033;0.877;-0.066;-0.002;-0.002;-0.0;-0.007;-0.058;-0.114;1.0;-0.023;-0.034;0.996;-0.066;0.006;0.007;0.016;0.001;-0.012;-0.097;0.917;-0.023;-0.032;0.914;-0.067;0.004
index__month_9;0.079;-0.027;0.99;-0.009;-0.027;0.626;0.443;0.443;-0.027;0.99;-0.009;-0.027;0.626;-0.089;0.211;-0.027;0.99;-0.009;-0.027;0.626;-0.01;-0.01;-0.022;0.99;-0.007;-0.022;0.627;-0.014;-0.011;-0.022;0.99;-0.007;-0.023;0.627;0.054;0.037;0.025;0.046;-0.003;-0.006;-0.026;0.991;-0.005;-0.027;0.626;0.055;0.037;0.023;0.046;0.003;0.001;-0.012;0.997;0.012;-0.012;0.622;0.072;0.05;0.034;0.057;-0.003;-0.0;-0.013;0.997;0.01;-0.013;0.621;0.093;0.065;0.041;0.073;0.016;0.009;-0.018;0.999;0.014;-0.018;0.62;0.105;0.072;0.046;0.083;0.001;0.009;-0.023;1.0;0.012;-0.023;0.619;0.108;0.075;0.048;0.089;-0.013;0.001;-0.03;0.999;0.015;-0.03;0.618;0.015
index__weekday_9;0.014;0.016;0.008;0.223;0.016;0.009;0.016;0.016;0.016;0.008;0.223;0.016;0.009;0.013;0.018;0.016;0.008;0.223;0.016;0.009;-0.066;-0.066;0.031;0.008;0.276;0.031;0.009;0.01;-0.066;0.031;0.008;0.276;0.031;0.009;-0.013;-0.02;-0.022;-0.019;-0.007;-0.03;0.024;0.008;0.3;0.024;0.009;-0.012;-0.021;-0.023;-0.019;-0.083;-0.093;0.024;0.011;0.823;0.024;0.005;-0.005;-0.011;-0.013;-0.01;-0.01;-0.091;0.023;0.01;0.835;0.022;0.005;-0.001;-0.004;-0.01;-0.004;-0.025;-0.082;-0.009;0.011;0.953;-0.01;0.001;-0.009;-0.01;-0.019;-0.01;-0.004;-0.079;-0.034;0.012;1.0;-0.035;0.001;-0.005;-0.007;-0.018;-0.008;0.036;-0.045;-0.043;0.011;0.949;-0.043;0.001;0.011
index__hour_9;0.011;0.246;-0.022;-0.063;0.245;-0.066;0.045;0.045;0.246;-0.022;-0.063;0.245;-0.066;0.002;0.028;0.246;-0.022;-0.063;0.245;-0.066;-0.049;-0.049;0.269;-0.022;-0.05;0.268;-0.066;-0.018;-0.05;0.269;-0.022;-0.05;0.268;-0.066;-0.015;-0.022;-0.018;-0.023;-0.023;-0.04;0.303;-0.022;-0.052;0.303;-0.066;-0.014;-0.022;-0.015;-0.021;-0.065;-0.08;0.645;-0.022;-0.041;0.646;-0.067;-0.02;-0.027;-0.021;-0.026;-0.012;-0.079;0.665;-0.023;-0.041;0.667;-0.066;-0.02;-0.024;-0.023;-0.026;-0.065;-0.096;0.877;-0.023;-0.034;0.879;-0.066;-0.003;-0.003;-0.001;-0.008;-0.058;-0.113;0.996;-0.023;-0.035;1.0;-0.066;0.005;0.006;0.015;-0.0;-0.012;-0.095;0.914;-0.023;-0.033;0.917;-0.067;0.004
index__open_cases_9;0.042;-0.041;0.613;-0.014;-0.041;0.988;0.074;0.074;-0.041;0.613;-0.014;-0.041;0.988;-0.036;0.022;-0.041;0.613;-0.014;-0.041;0.988;-0.005;-0.005;-0.043;0.613;-0.012;-0.044;0.988;-0.015;-0.006;-0.043;0.613;-0.012;-0.044;0.988;0.043;0.023;0.017;0.031;0.017;0.014;-0.05;0.613;-0.01;-0.051;0.989;0.042;0.024;0.018;0.032;0.081;0.085;-0.06;0.618;0.008;-0.06;0.997;0.07;0.05;0.041;0.054;0.005;0.082;-0.06;0.618;0.006;-0.061;0.997;0.083;0.062;0.047;0.064;0.03;0.078;-0.062;0.619;0.001;-0.062;0.999;0.088;0.065;0.047;0.069;0.025;0.083;-0.066;0.619;0.001;-0.066;1.0;0.088;0.067;0.049;0.073;-0.006;0.063;-0.071;0.62;0.005;-0.071;0.999;0.004
index__FirstWithdrawalAmount_10;0.301;0.016;0.108;0.023;0.016;0.089;0.039;0.039;0.016;0.108;0.023;0.016;0.089;-0.006;0.02;0.016;0.108;0.023;0.016;0.089;-0.099;-0.099;0.05;0.108;0.044;0.05;0.09;-0.012;-0.099;0.05;0.108;0.044;0.05;0.09;0.464;0.164;0.073;0.182;-0.086;-0.116;0.047;0.108;0.039;0.047;0.089;0.477;0.161;0.064;0.176;0.089;0.037;0.006;0.109;0.007;0.006;0.089;0.587;0.212;0.095;0.225;-0.031;0.026;0.007;0.108;0.007;0.006;0.089;0.75;0.332;0.177;0.35;-0.04;-0.004;0.021;0.108;0.005;0.02;0.089;0.897;0.43;0.257;0.454;-0.102;-0.042;0.006;0.108;-0.005;0.005;0.088;1.0;0.485;0.305;0.516;-0.083;-0.074;-0.003;0.107;-0.001;-0.004;0.087;-0.021
index__MonthlyCost_10;0.364;-0.059;0.077;-0.029;-0.059;0.068;-0.066;-0.066;-0.059;0.077;-0.029;-0.059;0.068;-0.096;-0.098;-0.059;0.077;-0.029;-0.059;0.068;-0.164;-0.164;-0.005;0.076;0.005;-0.005;0.068;0.028;-0.163;-0.004;0.076;0.005;-0.004;0.068;0.252;0.464;0.167;0.393;0.017;-0.041;-0.003;0.076;0.009;-0.003;0.069;0.264;0.491;0.177;0.414;-0.013;-0.03;0.018;0.076;0.01;0.018;0.069;0.309;0.574;0.203;0.481;-0.0;-0.029;0.017;0.076;0.009;0.016;0.069;0.389;0.743;0.25;0.61;-0.08;-0.068;0.03;0.076;0.009;0.029;0.068;0.447;0.881;0.298;0.716;-0.154;-0.121;0.007;0.075;-0.007;0.006;0.067;0.485;1.0;0.337;0.794;-0.129;-0.16;-0.008;0.074;-0.001;-0.009;0.066;-0.052
index__NumberOfTerms_10;0.155;-0.08;0.048;-0.06;-0.079;0.048;-0.128;-0.128;-0.08;0.048;-0.06;-0.079;0.048;-0.149;-0.167;-0.08;0.048;-0.06;-0.079;0.048;-0.21;-0.21;-0.012;0.047;-0.019;-0.011;0.049;0.041;-0.208;-0.01;0.047;-0.019;-0.01;0.049;0.184;0.207;0.453;0.339;0.059;-0.017;-0.004;0.048;-0.012;-0.003;0.05;0.191;0.223;0.485;0.363;-0.049;-0.055;0.03;0.049;0.003;0.03;0.051;0.212;0.247;0.562;0.413;0.019;-0.046;0.03;0.049;0.001;0.03;0.051;0.251;0.279;0.719;0.504;-0.101;-0.093;0.045;0.049;0.002;0.044;0.05;0.286;0.315;0.875;0.587;-0.192;-0.159;0.016;0.048;-0.018;0.015;0.049;0.305;0.337;1.0;0.643;-0.167;-0.208;-0.004;0.047;-0.011;-0.005;0.047;-0.064
index__OfferedAmount_10;0.514;-0.079;0.09;-0.043;-0.078;0.073;-0.09;-0.09;-0.079;0.09;-0.043;-0.078;0.073;-0.119;-0.126;-0.079;0.09;-0.043;-0.078;0.073;-0.159;-0.159;-0.027;0.089;-0.011;-0.027;0.074;0.045;-0.157;-0.025;0.089;-0.011;-0.026;0.074;0.305;0.437;0.326;0.529;0.048;-0.01;-0.021;0.09;-0.004;-0.021;0.075;0.316;0.464;0.348;0.56;-0.047;-0.05;0.017;0.09;0.01;0.017;0.075;0.356;0.526;0.397;0.639;0.013;-0.043;0.016;0.089;0.008;0.015;0.075;0.423;0.63;0.479;0.782;-0.079;-0.078;0.023;0.09;0.008;0.022;0.074;0.479;0.728;0.569;0.908;-0.146;-0.128;0.001;0.089;-0.008;-0.0;0.073;0.516;0.794;0.643;1.0;-0.123;-0.162;-0.014;0.088;-0.002;-0.014;0.072;-0.054
index__timesincelastevent_10;0.0;0.008;-0.015;0.009;0.008;-0.009;0.013;0.013;0.008;-0.015;0.009;0.008;-0.009;0.035;0.029;0.008;-0.015;0.009;0.008;-0.009;-0.024;-0.024;0.017;-0.015;0.014;0.016;-0.009;-0.025;-0.024;0.016;-0.015;0.014;0.016;-0.009;-0.039;-0.06;-0.069;-0.059;-0.019;-0.026;0.015;-0.015;0.014;0.015;-0.009;-0.041;-0.063;-0.073;-0.062;0.081;0.068;0.016;-0.014;0.021;0.015;-0.008;-0.049;-0.074;-0.087;-0.073;-0.011;0.061;0.015;-0.014;0.021;0.015;-0.008;-0.066;-0.1;-0.12;-0.097;0.237;0.184;-0.008;-0.013;0.038;-0.008;-0.006;-0.077;-0.121;-0.151;-0.117;-0.026;0.165;-0.012;-0.013;0.036;-0.012;-0.006;-0.083;-0.129;-0.167;-0.123;1.0;0.621;-0.051;-0.004;-0.008;-0.051;0.005;0.007
index__timesincecasestart_10;0.035;0.086;-0.005;0.124;0.085;0.045;0.051;0.051;0.086;-0.005;0.124;0.085;0.045;0.114;0.099;0.086;-0.005;0.124;0.085;0.045;0.04;0.04;0.075;-0.005;0.115;0.075;0.045;-0.088;0.037;0.073;-0.005;0.115;0.073;0.045;-0.189;-0.292;-0.335;-0.288;0.165;0.169;0.063;-0.005;0.113;0.063;0.047;-0.192;-0.295;-0.338;-0.291;0.553;0.611;-0.069;-0.003;0.011;-0.069;0.053;-0.178;-0.282;-0.331;-0.281;0.191;0.635;-0.069;-0.003;0.009;-0.069;0.054;-0.145;-0.251;-0.306;-0.252;0.617;0.829;-0.089;0.0;-0.032;-0.087;0.061;-0.091;-0.192;-0.244;-0.195;0.24;0.875;-0.097;0.001;-0.045;-0.095;0.063;-0.074;-0.16;-0.208;-0.162;0.621;1.0;-0.099;0.006;-0.065;-0.098;0.07;0.01
index__timesincemidnight_10;0.013;0.255;-0.028;-0.056;0.254;-0.071;0.04;0.04;0.255;-0.028;-0.056;0.254;-0.071;-0.004;0.021;0.255;-0.028;-0.056;0.254;-0.071;-0.049;-0.049;0.278;-0.028;-0.043;0.276;-0.071;-0.022;-0.05;0.277;-0.028;-0.043;0.276;-0.071;-0.02;-0.031;-0.028;-0.032;-0.024;-0.04;0.311;-0.028;-0.045;0.309;-0.071;-0.02;-0.031;-0.026;-0.031;-0.05;-0.066;0.612;-0.029;-0.045;0.611;-0.072;-0.028;-0.039;-0.034;-0.038;-0.013;-0.066;0.632;-0.029;-0.045;0.63;-0.072;-0.028;-0.037;-0.039;-0.038;-0.045;-0.075;0.8;-0.029;-0.041;0.798;-0.071;-0.012;-0.019;-0.021;-0.023;-0.057;-0.093;0.917;-0.03;-0.043;0.914;-0.071;-0.003;-0.008;-0.004;-0.014;-0.051;-0.099;1.0;-0.031;-0.041;0.996;-0.072;0.007
index__month_10;0.078;-0.027;0.989;-0.009;-0.027;0.627;0.443;0.443;-0.027;0.989;-0.009;-0.027;0.627;-0.089;0.211;-0.027;0.989;-0.009;-0.027;0.627;-0.01;-0.01;-0.021;0.99;-0.007;-0.022;0.627;-0.014;-0.011;-0.022;0.99;-0.007;-0.022;0.627;0.054;0.036;0.024;0.046;-0.003;-0.006;-0.026;0.99;-0.006;-0.027;0.626;0.055;0.037;0.023;0.045;0.004;0.001;-0.012;0.996;0.012;-0.012;0.622;0.071;0.05;0.033;0.056;-0.003;0.0;-0.012;0.997;0.01;-0.013;0.622;0.092;0.064;0.04;0.072;0.018;0.011;-0.018;0.999;0.014;-0.018;0.62;0.104;0.071;0.045;0.082;0.001;0.01;-0.023;0.999;0.011;-0.023;0.62;0.107;0.074;0.047;0.088;-0.004;0.006;-0.031;1.0;0.015;-0.031;0.619;0.015
index__weekday_10;0.016;0.016;0.011;0.216;0.015;0.012;0.009;0.009;0.016;0.011;0.216;0.015;0.012;-0.003;0.004;0.016;0.011;0.216;0.015;0.012;-0.066;-0.066;0.03;0.011;0.269;0.03;0.012;0.011;-0.065;0.03;0.011;0.269;0.03;0.012;-0.012;-0.018;-0.019;-0.017;-0.006;-0.028;0.023;0.012;0.292;0.023;0.011;-0.011;-0.019;-0.02;-0.017;-0.081;-0.091;0.026;0.014;0.789;0.026;0.008;-0.003;-0.008;-0.01;-0.007;-0.009;-0.089;0.024;0.014;0.801;0.024;0.008;0.002;-0.0;-0.004;-0.0;-0.023;-0.079;-0.007;0.015;0.902;-0.008;0.005;-0.005;-0.005;-0.013;-0.005;-0.003;-0.076;-0.032;0.015;0.949;-0.033;0.005;-0.001;-0.001;-0.011;-0.002;-0.008;-0.065;-0.041;0.015;1.0;-0.041;0.004;0.012
index__hour_10;0.012;0.254;-0.028;-0.056;0.253;-0.071;0.039;0.039;0.254;-0.028;-0.056;0.253;-0.071;-0.004;0.021;0.254;-0.028;-0.056;0.253;-0.071;-0.048;-0.048;0.276;-0.028;-0.043;0.275;-0.071;-0.021;-0.049;0.276;-0.028;-0.043;0.275;-0.071;-0.021;-0.031;-0.027;-0.031;-0.023;-0.039;0.309;-0.028;-0.046;0.309;-0.071;-0.02;-0.031;-0.025;-0.03;-0.049;-0.065;0.61;-0.029;-0.045;0.61;-0.072;-0.028;-0.038;-0.034;-0.037;-0.012;-0.065;0.629;-0.029;-0.046;0.631;-0.072;-0.029;-0.037;-0.038;-0.038;-0.045;-0.074;0.798;-0.029;-0.042;0.8;-0.071;-0.013;-0.019;-0.02;-0.023;-0.058;-0.092;0.914;-0.03;-0.043;0.917;-0.071;-0.004;-0.009;-0.005;-0.014;-0.051;-0.098;0.996;-0.031;-0.041;1.0;-0.072;0.006
index__open_cases_10;0.042;-0.04;0.612;-0.013;-0.041;0.986;0.073;0.073;-0.04;0.612;-0.013;-0.041;0.986;-0.035;0.022;-0.04;0.612;-0.013;-0.041;0.986;-0.005;-0.005;-0.042;0.612;-0.011;-0.043;0.987;-0.015;-0.006;-0.043;0.612;-0.011;-0.044;0.987;0.042;0.022;0.017;0.03;0.017;0.014;-0.05;0.612;-0.009;-0.05;0.988;0.042;0.023;0.017;0.031;0.082;0.086;-0.06;0.616;0.008;-0.06;0.995;0.07;0.049;0.04;0.053;0.005;0.083;-0.06;0.617;0.007;-0.061;0.996;0.082;0.06;0.045;0.063;0.032;0.08;-0.062;0.618;0.001;-0.063;0.998;0.088;0.064;0.045;0.068;0.025;0.085;-0.067;0.618;0.001;-0.067;0.999;0.087;0.066;0.047;0.072;0.005;0.07;-0.072;0.619;0.004;-0.072;1.0;0.005
encoded_label;-0.015;0.006;0.015;-0.011;0.006;0.004;0.028;0.028;0.006;0.015;-0.011;0.006;0.004;0.006;0.02;0.006;0.015;-0.011;0.006;0.004;0.057;0.057;-0.01;0.015;-0.021;-0.01;0.003;0.011;0.057;-0.01;0.015;-0.021;-0.01;0.003;-0.003;-0.024;-0.03;-0.026;-0.027;-0.006;-0.011;0.015;-0.022;-0.012;0.003;-0.004;-0.028;-0.033;-0.03;-0.013;-0.015;-0.002;0.015;-0.004;-0.002;0.004;-0.012;-0.04;-0.044;-0.04;-0.015;-0.019;-0.001;0.015;-0.003;-0.001;0.004;-0.018;-0.048;-0.057;-0.049;0.006;-0.01;-0.009;0.015;0.004;-0.009;0.004;-0.02;-0.052;-0.063;-0.054;0.05;0.008;0.004;0.015;0.011;0.004;0.004;-0.021;-0.052;-0.064;-0.054;0.007;0.01;0.007;0.015;0.012;0.006;0.005;1.0
